offline_policy,online_policy,policy,n_cores,u_per_core,seed,n_tasks,total_utilization,solve_seconds,sim_seconds,offline_feasible,n_hard_jobs,n_soft_jobs,hard_miss_ratio,soft_miss_ratio,deadline_miss_ratio,acceptance_ratio,qos_mean,qos_weighted,qos_accepted,soft_response_mean_ticks,schedulable,energy_j,mean_chip_power_w,peak_chip_power_w,tdp_w,tdp_violation_ratio,mean_core_power_w,mean_core_busy_ratio,mean_core_level,sim_steps,horizon_ticks
ga,slack,ga+slack,8,0.25,0,32,1.999925,0.5137023810002574,0.009209042000293266,True,196,38,0.0,0.0,0.0,1.0,1.0,1.0,1.0,5030.5,True,2.861756088154267,14.308780440771336,22.26446280991735,30.400000000000002,0.0,1.5385975550964188,0.41876312499999996,70.0,296,200000
ga,slack,ga+slack,8,0.25,1,32,2.000075,0.5664314390014624,0.009195186999932048,True,198,41,0.0,0.0,0.0,1.0,1.0,1.0,1.0,5103.829268292683,True,2.8868669090909096,14.434334545454549,22.26446280991735,30.400000000000002,0.0,1.5542918181818186,0.43005125,70.0,304,200000
ga,slack,ga+slack,8,0.25,2,32,1.99997,0.8253159870000673,0.01760302100046829,True,169,50,0.0,0.0,0.0,1.0,1.0,1.0,1.0,5519.9,True,2.9863338402203854,14.931669201101927,22.26446280991735,30.400000000000002,0.0,1.6164586501377416,0.46989125,70.0,293,200000
ga,slack,ga+slack,8,0.25,3,32,1.9999850000000001,0.9103678419996868,0.013011434999498306,True,182,32,0.0,0.0,0.0,1.0,1.0,1.0,1.0,4762.40625,True,2.809381928374656,14.046909641873281,22.26446280991735,30.400000000000002,0.0,1.5058637052341601,0.39429625,70.0,267,200000
ga,slack,ga+slack,8,0.25,4,32,1.99996,1.2658894920004968,0.009579736000887351,True,205,38,0.0,0.0,0.0,1.0,1.0,1.0,1.0,5266.8421052631575,True,2.882284991735537,14.411424958677687,22.26446280991735,30.400000000000002,0.0,1.5514281198347097,0.422400625,70.0,305,200000
ga,slack,ga+slack,8,0.25,5,32,2.0,1.5044738880005752,0.016781825999714783,True,252,42,0.0,0.0,0.0,1.0,1.0,1.0,1.0,4665.428571428572,True,2.8660040440771337,14.33002022038567,22.26446280991735,30.400000000000002,0.0,1.5412525275482087,0.422351875,70.0,360,200000
ga,slack,ga+slack,8,0.25,6,32,1.999955,1.4883635969999887,0.015014123999208095,True,189,41,0.0,0.0,0.0,1.0,1.0,1.0,1.0,4995.170731707317,True,2.880083482093663,14.400417410468316,22.26446280991735,30.400000000000002,0.0,1.550052176308539,0.42740999999999996,70.0,295,200000
ga,slack,ga+slack,8,0.25,7,32,1.99993,1.4738698110013502,0.016589064998697722,True,230,41,0.0,0.0,0.0,1.0,1.0,1.0,1.0,5064.292682926829,True,2.8897966721763075,14.448983360881538,22.26446280991735,30.400000000000002,0.0,1.5561229201101932,0.42774875,70.0,336,200000
ga,slack,ga+slack,8,0.5,0,32,4.000055,0.6487386989992956,0.015540190999672632,True,196,38,0.0,0.0,0.0,1.0,1.0,1.0,1.0,4959.315789473684,True,4.506520418732785,22.53260209366393,30.132231404958677,30.400000000000002,0.0,2.5665752617079876,0.65783625,85.0,295,200000
ga,slack,ga+slack,8,0.5,1,32,4.000005,0.784718040998996,0.010527406000619521,True,198,41,0.0,0.0,0.0,1.0,1.0,1.0,1.0,4876.585365853659,True,4.576077542699724,22.88038771349862,30.132231404958677,30.400000000000002,0.0,2.6100484641873276,0.6582281249999999,85.0,304,200000
ga,slack,ga+slack,8,0.5,2,32,3.999895,0.5235348360001808,0.011783785001171054,True,169,50,0.0,0.0,0.0,1.0,1.0,1.0,1.0,4469.5,True,4.0731554975206645,20.365777487603324,24.576308539944904,30.400000000000002,0.0,2.295722185950414,0.784180625,77.5,293,200000
ga,slack,ga+slack,8,0.5,3,32,3.999975,0.502541398998801,0.008591806999902474,True,182,32,0.0,0.0,0.0,1.0,1.0,1.0,1.0,4644.09375,True,4.47358473829201,22.367923691460053,30.132231404958677,30.400000000000002,0.0,2.5459904614325053,0.628583125,85.0,269,200000
ga,slack,ga+slack,8,0.5,4,32,4.000015,0.5316786170005798,0.008703600000444567,True,205,38,0.0,0.0,0.0,1.0,1.0,1.0,1.0,5184.789473684211,True,4.547926787878785,22.739633939393926,30.132231404958677,30.400000000000002,0.0,2.592454242424244,0.6563575,85.0,305,200000
ga,slack,ga+slack,8,0.5,5,32,3.999915,0.5391410319989518,0.010454641998876468,True,252,42,0.0,0.0,0.0,1.0,1.0,1.0,1.0,4636.0,True,4.516615977961433,22.58307988980717,30.132231404958677,30.400000000000002,0.0,2.572884986225896,0.6599550000000001,85.0,360,200000
ga,slack,ga+slack,8,0.5,6,32,4.000045,0.5246297080011573,0.007945825000206241,True,189,41,0.0,0.0,0.0,1.0,1.0,1.0,1.0,4901.390243902439,True,4.535662677685947,22.678313388429736,30.132231404958677,30.400000000000002,0.0,2.584789173553718,0.66383625,85.0,295,200000
ga,slack,ga+slack,8,0.5,7,32,3.999975,0.5249387700005173,0.009122991999902297,True,230,41,0.0,0.0,0.0,1.0,1.0,1.0,1.0,4915.195121951219,True,4.563843570247937,22.81921785123969,30.132231404958677,30.400000000000002,0.0,2.602402231404958,0.6596575,85.0,335,200000
ga,slack,ga+slack,8,0.75,0,32,5.999925,1.5168224590015598,0.01575760899868328,True,197,46,0.0,0.0,0.0,1.0,1.0,1.0,1.0,3699.7391304347825,True,5.822193820752986,29.110969103764933,30.00367309458219,30.400000000000002,0.0,3.3888711379706153,0.9634518750000001,87.5,313,200000
ga,slack,ga+slack,8,0.75,1,32,5.999975,0.9283149479997519,0.014843804001429817,True,198,41,0.0,0.0,0.0,1.0,1.0,1.0,1.0,3699.682926829268,True,5.764500418732784,28.822502093663925,30.23875114784206,30.400000000000002,0.0,3.3528127617079893,0.9512475,87.5,304,200000
ga,slack,ga+slack,8,0.75,2,32,5.999985,0.5999700640004448,0.01008045399976254,True,169,50,0.0,0.04,0.0091324200913242,1.0,0.9734689655172414,0.9734689655172414,0.9734689655172414,4290.244897959184,True,5.875598674747474,29.37799337373737,30.00367309458219,30.400000000000002,0.0,3.422249171717173,0.97505625,87.5,292,200000
ga,slack,ga+slack,8,0.75,3,32,5.99992,0.9186105859989766,0.010253279000608018,True,196,40,0.0,0.0,0.0,1.0,1.0,1.0,1.0,3648.55,True,5.732146863544536,28.66073431772268,30.00367309458219,30.400000000000002,0.0,3.332591789715337,0.947095625,87.5,300,200000
ga,slack,ga+slack,8,0.75,4,32,5.999905,0.5373886020006466,0.008791223001026083,True,205,38,0.0,0.0,0.0,1.0,1.0,1.0,1.0,3645.9473684210525,True,5.74290713719008,28.714535685950406,30.121212121212125,30.400000000000002,0.0,3.339316960743803,0.9437525,87.5,305,200000
ga,slack,ga+slack,8,0.75,5,32,5.999905,0.5323277119987324,0.011147848999826238,True,252,42,0.0,0.0,0.0,1.0,1.0,1.0,1.0,3225.3809523809523,True,5.71571427327824,28.578571366391202,30.00367309458219,30.400000000000002,0.0,3.322321420798899,0.9416875,87.5,360,200000
ga,slack,ga+slack,8,0.75,6,32,5.999975,0.5129820999991352,0.008687719000590732,True,189,41,0.0,0.0,0.0,1.0,1.0,1.0,1.0,4241.121951219512,True,5.741282687603308,28.70641343801654,30.121212121212125,30.400000000000002,0.0,3.3383016797520666,0.9479375000000001,87.5,295,200000
ga,slack,ga+slack,8,0.75,7,32,5.999955,0.5356175790002453,0.009930755999448593,True,230,41,0.0,0.0,0.0,1.0,1.0,1.0,1.0,3630.829268292683,True,5.759533883930214,28.797669419651072,30.121212121212125,30.400000000000002,0.0,3.3497086774563827,0.9474568750000001,87.5,336,200000
ga,slack,ga+slack,8,0.85,0,32,6.80019,1.06488759900094,0.014710137000292889,True,197,46,0.0,0.7608695652173914,0.1440329218106996,1.0,0.2391304347826087,0.2391304347826087,0.2391304347826087,17862.214285714286,True,5.9983805660238785,29.991902830119393,30.00367309458219,30.400000000000002,0.0,3.4989878537649237,0.999536875,87.5,281,200000
ga,slack,ga+slack,8,0.85,1,32,6.800135,0.5559378510006354,0.013294860000314657,True,198,41,0.0,0.8292682926829268,0.14225941422594143,1.0,0.17073170731707318,0.17073170731707318,0.17073170731707318,16899.1,True,5.997989051239669,29.989945256198347,30.00367309458219,30.400000000000002,0.0,3.4987431570247947,0.999305625,87.5,272,200000
ga,slack,ga+slack,8,0.85,2,32,6.799925,1.5235216529999889,0.02114705399981176,True,169,50,0.0,0.88,0.2009132420091324,1.0,0.12,0.12,0.12,15256.25,True,6.0242424242424235,30.12121212121212,30.121212121212125,30.400000000000002,0.0,3.515151515151516,1.0,87.5,251,200000
ga,slack,ga+slack,8,0.85,3,32,6.79992,1.527545833001568,0.01867589500034228,True,196,40,0.0,0.775,0.13135593220338984,1.0,0.24682297154899896,0.24682297154899896,0.24682297154899896,6961.363636363636,True,5.997688010651976,29.988440053259882,30.00367309458219,30.400000000000002,0.0,3.4985550066574853,0.999400625,87.5,271,200000
ga,slack,ga+slack,8,0.85,4,32,6.799945,1.5462780050002038,0.02178608299982443,True,205,38,0.0,0.8421052631578947,0.13168724279835392,1.0,0.1613273915144629,0.1613273915144629,0.1613273915144629,27173.0,True,5.997608589164374,29.98804294582187,30.00367309458219,30.400000000000002,0.0,3.4985053682277347,0.999385,87.5,276,200000
ga,slack,ga+slack,8,0.85,5,32,6.799995,0.5717540460009332,0.017319034999673022,True,252,42,0.0,0.8809523809523809,0.12585034013605442,1.0,0.1211538068680926,0.1211538068680926,0.1211538068680926,35409.666666666664,True,5.996801945270889,29.984009726354447,30.00367309458219,30.400000000000002,0.0,3.498001215794306,0.999198125,87.5,327,200000
ga,slack,ga+slack,8,0.85,6,32,6.799975,0.5788167259997863,0.01253677400018205,True,189,41,0.0,0.8048780487804879,0.14347826086956522,1.0,0.21161302607776378,0.21161302607776378,0.21161302607776378,4440.888888888889,True,6.024242424242423,30.121212121212114,30.121212121212125,30.400000000000002,0.0,3.515151515151514,1.0,87.5,263,200000
ga,slack,ga+slack,8,0.85,7,32,6.7999,0.5307143649988575,0.01447164000092016,True,240,36,0.0,0.7222222222222222,0.09420289855072464,1.0,0.2777777777777778,0.2777777777777778,0.2777777777777778,5798.909090909091,True,6.01928653663912,30.0964326831956,30.121212121212125,30.400000000000002,0.0,3.512054085399449,0.999185,87.5,311,200000
ga,slack,ga+slack,8,0.95,0,32,7.59985,0.5517589089995454,0.014060933001019293,True,197,46,0.0,0.8913043478260869,0.16872427983539096,1.0,0.10869565217391304,0.10869565217391304,0.10869565217391304,2964.0,True,7.106115702479336,35.53057851239668,35.530578512396694,30.400000000000002,1.0,4.191322314049587,1.0,96.25,272,200000
ga,slack,ga+slack,8,0.95,1,32,7.600015,1.5145896509984595,0.019135099999402883,True,198,41,0.0,0.7804878048780488,0.13389121338912133,1.0,0.21951219512195122,0.21951219512195122,0.21951219512195122,3078.777777777778,True,7.268755801652887,36.343779008264434,36.35371900826446,30.400000000000002,1.0,4.292972376033055,0.999689375,97.5,271,200000
ga,slack,ga+slack,8,0.95,2,32,7.599895,0.5529612749996886,0.01299648900021566,True,169,50,0.0,0.84,0.1917808219178082,1.0,0.16,0.16,0.16,15535.777777777777,True,7.270743801652893,36.35371900826447,36.35371900826446,30.400000000000002,1.0,4.294214876033057,1.0,97.5,252,200000
ga,slack,ga+slack,8,0.95,3,32,7.59997,1.0322080539990566,0.018892816000516177,True,196,40,0.0,0.8,0.13559322033898305,1.0,0.22496028477288776,0.22496028477288776,0.22496028477288776,4345.444444444444,True,7.265147801652886,36.325739008264435,36.35371900826446,30.400000000000002,1.0,4.290717376033059,0.999125625,97.5,269,200000
ga,slack,ga+slack,8,0.95,4,32,7.600005,0.5544978799989622,0.012743406001391122,True,205,38,0.0,0.8157894736842105,0.12757201646090535,1.0,0.18421052631578946,0.18421052631578946,0.18421052631578946,20623.9,True,7.263655801652891,36.318279008264454,36.35371900826446,30.400000000000002,1.0,4.289784876033055,0.9988925,97.5,277,200000
ga,slack,ga+slack,8,0.95,5,32,7.6,0.6274436250005238,0.016721554999094224,True,252,42,0.0,0.9523809523809523,0.1360544217687075,1.0,0.047619047619047616,0.047619047619047616,0.047619047619047616,47925.75,True,7.1059837024793415,35.52991851239671,35.530578512396694,30.400000000000002,1.0,4.1912398140495855,0.999979375,96.25,321,200000
ga,slack,ga+slack,8,0.95,6,32,7.59995,0.555555851000463,0.0163678910012095,True,222,49,0.0,0.8979591836734694,0.16236162361623616,1.0,0.11782603052444322,0.11782603052444322,0.11782603052444322,34498.72727272727,True,7.2707438016529,36.353719008264505,36.35371900826446,30.400000000000002,1.0,4.2942148760330525,1.0,97.5,306,200000
ga,slack,ga+slack,8,0.95,7,32,7.59989,1.49855040500006,0.021231598999293055,True,253,40,0.0,0.75,0.10238907849829351,1.0,0.25,0.25,0.25,3353.9,True,7.270712033057856,36.35356016528928,36.35371900826446,30.400000000000002,1.0,4.294195020661157,0.99999375,97.5,327,200000
ga,slack,ga+slack,8,1.0,0,32,7.99993,0.550287390999074,0.014413290000447887,False,197,46,0.03553299492385787,0.9782608695652174,0.2139917695473251,1.0,0.021739130434782608,0.021739130434782608,0.021739130434782608,1065.0,False,7.600000000000001,38.00000000000001,38.0,30.400000000000002,1.0,4.499999999999999,1.0,100.0,263,200000
ga,slack,ga+slack,8,1.0,1,32,7.999885,0.5642852199998742,0.012949416999617824,False,198,41,0.04040404040404041,0.975609756097561,0.200836820083682,1.0,0.024390243902439025,0.024390243902439025,0.024390243902439025,42000.0,False,7.599999999999995,37.99999999999998,38.0,30.400000000000002,1.0,4.499999999999993,1.0,100.0,261,200000
ga,slack,ga+slack,8,1.0,2,32,7.999975,0.5558799949994864,0.013582743998995284,False,169,50,0.029585798816568046,0.98,0.2465753424657534,1.0,0.02,0.02,0.02,1402.0,False,7.599999999999995,37.99999999999998,38.0,30.400000000000002,1.0,4.499999999999999,1.0,100.0,239,200000
ga,slack,ga+slack,8,1.0,3,32,7.999925,0.5597144559997105,0.014262082999266568,False,196,40,0.04081632653061224,1.0,0.2033898305084746,1.0,0.0,0.0,0.0,0.0,False,7.6,38.0,38.0,30.400000000000002,1.0,4.5,1.0,100.0,257,200000
ga,slack,ga+slack,8,1.0,4,32,8.000035,0.5511985619996267,0.01309255400155962,False,205,38,0.07317073170731707,0.9736842105263158,0.2139917695473251,1.0,0.02631578947368421,0.02631578947368421,0.02631578947368421,1511.0,False,7.600000000000003,38.00000000000002,38.0,30.400000000000002,1.0,4.499999999999999,1.0,100.0,262,200000
ga,slack,ga+slack,8,1.0,5,32,7.9998949999999995,0.6698359019992495,0.027439045999926748,False,252,42,0.08333333333333333,1.0,0.21428571428571427,1.0,0.0,0.0,0.0,0.0,False,7.599999999999998,37.99999999999999,38.0,30.400000000000002,1.0,4.4999999999999964,1.0,100.0,313,200000
ga,slack,ga+slack,8,1.0,6,32,7.999875,0.5889159669986839,0.016994472998703714,False,222,49,0.02252252252252252,1.0,0.1992619926199262,1.0,0.0,0.0,0.0,0.0,False,7.599999999999999,38.0,38.0,30.400000000000002,1.0,4.499999999999997,1.0,100.0,292,200000
ga,slack,ga+slack,8,1.0,7,32,8.000045,0.5505988329987304,0.01715887599857524,False,253,40,0.023715415019762844,1.0,0.15699658703071673,1.0,0.0,0.0,0.0,0.0,False,7.600000000000003,38.00000000000002,38.0,30.400000000000002,1.0,4.4999999999999964,1.0,100.0,314,200000
ga,slack,ga+slack,16,0.25,0,64,3.99988,0.5618837669990171,0.026063379998959135,True,418,68,0.0,0.0,0.0,1.0,1.0,1.0,1.0,4908.779411764706,True,5.292073311294764,26.460366556473826,42.5289256198347,59.2,0.0,1.5287729097796128,0.3992865625,70.0,578,200000
ga,slack,ga+slack,16,0.25,1,64,4.00008,1.5195791639998788,0.04729100000076869,True,397,81,0.0,0.0,0.0,1.0,1.0,1.0,1.0,5062.506172839506,True,5.404028550964188,27.020142754820945,42.5289256198347,59.2,0.0,1.5637589221763077,0.4222909375,70.0,582,200000
ga,slack,ga+slack,16,0.25,2,64,4.000075,1.5814205669994408,0.05927467199944658,True,540,100,0.0,0.0,0.0,1.0,1.0,1.0,1.0,5011.23,True,5.538768341597798,27.693841707988994,42.5289256198347,59.2,0.0,1.6058651067493108,0.4496190625,70.0,763,200000
ga,slack,ga+slack,16,0.25,3,64,4.000085,0.7082271109993599,0.025770795999051188,True,420,78,0.0,0.0,0.0,1.0,1.0,1.0,1.0,5041.602564102564,True,5.300143269054179,26.5007163452709,42.12304866850321,59.2,0.0,1.5312947715794316,0.4215778124999999,69.375,599,200000
ga,slack,ga+slack,16,0.25,4,64,3.99996,1.571911065999302,0.051446146999296616,True,525,78,0.0,0.0,0.0,1.0,1.0,1.0,1.0,5027.038461538462,True,5.29699501928374,26.4849750964187,42.12304866850321,59.2,0.0,1.5303109435261706,0.4213903125,69.375,705,200000
ga,slack,ga+slack,16,0.25,5,64,4.000055,1.5295288150009583,0.05436976200144272,True,420,93,0.0,0.0,0.0,1.0,1.0,1.0,1.0,5270.709677419355,True,5.485034677685946,27.425173388429734,42.5289256198347,59.2,0.0,1.5890733367768588,0.4509109375,70.0,628,200000
ga,slack,ga+slack,16,0.25,6,64,3.99998,0.5558991719990445,0.03349648000039451,True,431,97,0.0,0.0,0.0,1.0,1.0,1.0,1.0,4838.237113402062,True,5.489784661157023,27.448923305785115,42.5289256198347,59.2,0.0,1.5905577066115697,0.44028375,70.0,646,200000
ga,slack,ga+slack,16,0.25,7,64,3.99997,0.7540451759996358,0.030921637000574265,True,456,83,0.0,0.0,0.0,1.0,1.0,1.0,1.0,5365.903614457831,True,5.3586046589531735,26.79302329476587,41.799449035812664,59.2,0.0,1.5495639559228667,0.4337540625,68.75,646,200000
ga,slack,ga+slack,16,0.5,0,64,7.999885,0.5455023020003864,0.025385470000401256,True,418,68,0.0,0.0,0.0,1.0,1.0,1.0,1.0,4908.779411764706,True,8.428073639302097,42.14036819651049,55.91258034894398,59.2,0.0,2.50877301228191,0.6506865625,83.125,578,200000
ga,slack,ga+slack,16,0.5,1,64,7.999945,0.720894562000467,0.029349344000365818,True,397,81,0.0,0.0,0.0,1.0,1.0,1.0,1.0,5023.20987654321,True,8.416800711845724,42.08400355922862,55.089439853076215,59.2,0.0,2.5052502224517905,0.685858125,82.5,582,200000
ga,slack,ga+slack,16,0.5,2,64,7.99995,0.5840287099999841,0.03975369799991313,True,540,100,0.0,0.0,0.0,1.0,1.0,1.0,1.0,4724.38,True,8.427024271809,42.135121359045,54.41946740128558,59.2,0.0,2.5084450849403117,0.71538375,82.5,762,200000
ga,slack,ga+slack,16,0.5,3,64,8.00006,0.5689218869993056,0.02736072099833109,True,420,78,0.0,0.0,0.0,1.0,1.0,1.0,1.0,5227.538461538462,True,8.491258312947659,42.4562915647383,56.19467401285583,59.2,0.0,2.5285182227961434,0.6661271875000001,83.125,600,200000
ga,slack,ga+slack,16,0.5,4,64,7.999765,1.5672597699995094,0.053900868000710034,True,525,78,0.0,0.0,0.0,1.0,1.0,1.0,1.0,4749.294871794872,True,8.299605512213036,41.498027561065186,55.24260789715335,59.2,0.0,2.4686267225665746,0.67293625,83.125,704,200000
ga,slack,ga+slack,16,0.5,5,64,7.999855,0.6273251729999174,0.03495272100008151,True,420,93,0.0,0.0,0.0,1.0,1.0,1.0,1.0,5543.935483870968,True,8.867249534986227,44.33624767493114,56.71184573002755,59.2,0.0,2.6460154796831983,0.685728125,83.125,629,200000
ga,slack,ga+slack,16,0.5,6,64,7.999915,0.557992854000986,0.03693359200042323,True,431,97,0.0,0.0,0.0,1.0,1.0,1.0,1.0,4923.639175257732,True,8.585372754820936,42.92686377410468,55.38916437098255,59.2,0.0,2.5579289858815413,0.69881625,82.5,647,200000
ga,slack,ga+slack,16,0.5,7,64,8.000145,0.6472391549996246,0.029974917000799906,True,456,83,0.0,0.0,0.0,1.0,1.0,1.0,1.0,5053.6626506024095,True,8.415323287786958,42.07661643893479,54.412855831037646,59.2,0.0,2.5047885274334214,0.6934856249999999,81.25,644,200000
ga,slack,ga+slack,16,0.75,0,64,12.000125,1.0377644620002684,0.03644031899966649,True,490,73,0.0,0.0,0.0,1.0,1.0,1.0,1.0,3849.6301369863013,True,11.12586752727272,55.6293376363636,58.81248852157943,59.2,0.0,3.3518336022727273,0.941864375,87.5,658,200000
ga,slack,ga+slack,16,0.75,1,64,11.99981,0.5539353809999739,0.031213487000059104,True,397,81,0.0,0.0,0.0,1.0,1.0,1.0,1.0,3581.8518518518517,True,11.174058419100076,55.87029209550038,59.06556473829202,59.2,0.0,3.366893255968778,0.9412925,88.125,583,200000
ga,slack,ga+slack,16,0.75,2,64,12.00016,0.5952968930014322,0.04493813200133445,True,540,100,0.0,0.0,0.0,1.0,1.0,1.0,1.0,3500.7,True,11.392157257300276,56.96078628650139,59.17428833792471,59.2,0.0,3.4350491429063363,0.9600784375,88.125,753,200000
ga,slack,ga+slack,16,0.75,3,64,12.00003,0.5639793950012972,0.035205865000534686,True,456,83,0.0,0.0,0.0,1.0,1.0,1.0,1.0,3310.759036144578,True,11.134943079522484,55.674715397612424,59.17428833792471,59.2,0.0,3.3546697123507814,0.9368996875,88.125,646,200000
ga,slack,ga+slack,16,0.75,4,64,11.999915,0.6762445839995053,0.03790316000049643,True,525,78,0.0,0.0,0.0,1.0,1.0,1.0,1.0,3508.974358974359,True,11.108429827364562,55.542149136822815,58.80367309458219,59.2,0.0,3.346384321051424,0.9405281249999999,87.5,703,200000
ga,slack,ga+slack,16,0.75,5,64,12.00013,0.6725087289996736,0.0658177750010509,True,503,88,0.0,0.0,0.0,1.0,1.0,1.0,1.0,3904.2727272727275,True,11.319632732415062,56.598163662075315,58.93002754820937,59.2,0.0,3.4123852288797023,0.957301875,87.5,702,200000
ga,slack,ga+slack,16,0.75,6,64,11.999955,1.5880228580008406,0.06470985499981907,True,431,97,0.0,0.0,0.0,1.0,1.0,1.0,1.0,3497.865979381443,True,11.328380302662985,56.641901513314934,59.17428833792471,59.2,0.0,3.415118844582185,0.9532553125000001,88.125,649,200000
ga,slack,ga+slack,16,0.75,7,64,12.00004,0.5643259879998368,0.03378781399987929,True,456,83,0.0,0.0,0.0,1.0,1.0,1.0,1.0,3600.843373493976,True,11.178715128007353,55.893575640036765,58.79485766758494,59.2,0.0,3.3683484775022956,0.9463890625,87.5,645,200000
ga,slack,ga+slack,16,0.85,0,64,13.599965000000001,1.5565386920006858,0.07924842499960505,True,423,79,0.0,0.7468354430379747,0.11752988047808766,1.0,0.2665837921127337,0.2665837921127337,0.2665837921127337,16033.6875,True,11.951969696602387,59.759848483011936,59.7623507805326,59.2,0.998665,3.609990530188248,0.9999165624999999,88.75,558,200000
ga,slack,ga+slack,16,0.85,1,64,13.59996,0.5434709799992561,0.043392122999648564,True,397,81,0.0,0.7530864197530864,0.12761506276150628,1.0,0.24814058323308727,0.24814058323308727,0.24814058323308727,17158.25,True,11.807471065564743,59.03735532782372,59.06556473829202,59.2,0.0,3.564834707988981,0.9992865625,88.125,530,200000
ga,slack,ga+slack,16,0.85,2,64,13.599925,1.5984227990011277,0.10374642399983713,True,540,100,0.0,0.82,0.128125,1.0,0.18953978405392718,0.18953978405392718,0.18953978405392718,26722.242424242424,True,11.971364612672195,59.85682306336098,60.00624426078972,59.2,0.971145,3.6160514414600544,0.996898125,88.75,696,200000
ga,slack,ga+slack,16,0.85,3,64,13.599895,0.5676931879988842,0.07229942099911568,True,562,100,0.0,0.74,0.11178247734138973,1.0,0.2806515443491459,0.2806515443491459,0.2806515443491459,12596.722222222223,True,11.995928619651059,59.979643098255295,59.997428833792476,59.2,0.996145,3.6237276936409555,0.9995940625,88.75,722,200000
ga,slack,ga+slack,16,0.85,4,64,13.59974,0.5731559910000215,0.0455737140000565,True,368,86,0.0,0.6744186046511628,0.1277533039647577,1.0,0.32559019853382953,0.32559019853382953,0.32559019853382953,11276.972222222223,True,12.021734049586787,60.10867024793394,60.11496786042241,59.2,0.99813,3.6317918904958684,0.9998125,88.75,514,200000
ga,slack,ga+slack,16,0.85,5,64,13.59974,1.542002013000456,0.09570873399934499,True,480,96,0.0,0.7291666666666666,0.12152777777777778,1.0,0.28575325862285866,0.28575325862285866,0.28575325862285866,19181.48717948718,True,12.108480132966028,60.54240066483014,60.58549127640037,59.2,0.983375,3.6589000415518784,0.9989006250000001,89.375,638,200000
ga,slack,ga+slack,16,0.85,6,64,13.600085,0.5893617199999426,0.06817392500124697,True,526,93,0.0,0.7849462365591398,0.11793214862681745,1.0,0.21505376344086022,0.21505376344086022,0.21505376344086022,19350.296296296296,True,11.970033806427923,59.85016903213962,59.861891643709825,59.2,0.99631,3.615635564508723,0.9997693750000001,88.125,670,200000
ga,slack,ga+slack,16,0.85,7,64,13.600075,1.0468520199992781,0.05698062700139417,True,466,94,0.0,0.7340425531914894,0.12321428571428572,1.0,0.2753308508947263,0.2753308508947263,0.2753308508947263,16358.21052631579,True,11.950923025527986,59.75461512763994,59.7623507805326,59.2,0.997565,3.6096634454775036,0.9998478125,88.75,621,200000
ga,slack,ga+slack,16,0.95,0,64,15.20006,0.5748401309992914,0.04687855900010618,True,423,79,0.0,0.6075949367088608,0.09561752988047809,1.0,0.42339028819665164,0.42339028819665164,0.42339028819665164,8148.923076923077,True,14.628319900826435,73.14159950413219,73.17685950413224,59.2,1.0,4.446349969008267,0.9994490625,99.375,565,200000
ga,slack,ga+slack,16,0.95,1,64,15.200085,0.5454327709994686,0.042805912999028806,True,397,81,0.0,0.6172839506172839,0.10460251046025104,1.0,0.4020305574525946,0.4020305574525946,0.4020305574525946,10689.439024390244,True,14.629655900826432,73.14827950413216,73.17685950413224,59.2,1.0,4.446767469008266,0.9995534375,99.375,542,200000
ga,slack,ga+slack,16,0.95,2,64,15.19998,0.5887491009998485,0.057984801000202424,True,540,100,0.0,0.66,0.103125,1.0,0.34410962950611856,0.34410962950611856,0.34410962950611856,14667.5,True,14.788792000000011,73.94396000000006,74.0,59.2,1.0,4.496497499999989,0.9991243750000001,100.0,710,200000
ga,slack,ga+slack,16,0.95,3,64,15.199885,1.571245758999794,0.10264148600072076,True,562,100,0.0,0.63,0.09516616314199396,1.0,0.3794239102555941,0.3794239102555941,0.3794239102555941,8916.844444444445,True,14.781767999999985,73.90883999999993,74.0,59.2,1.0,4.494302499999999,0.998575625,100.0,730,200000
ga,slack,ga+slack,16,0.95,4,64,15.200075,0.5746217739997519,0.042463286001293454,True,368,86,0.0,0.5813953488372093,0.11013215859030837,1.0,0.4298871892872105,0.4298871892872105,0.4298871892872105,14399.176470588236,True,14.78189600000001,73.90948000000006,74.0,59.2,1.0,4.494342499999999,0.998585625,100.0,529,200000
ga,slack,ga+slack,16,0.95,5,64,15.20028,0.570065641999463,0.05706313299924659,True,480,96,0.0,0.5729166666666666,0.0954861111111111,1.0,0.4410719837748867,0.4410719837748867,0.4410719837748867,7353.955555555555,True,14.795468000000009,73.97734000000005,74.0,59.2,1.0,4.498583750000002,0.9996459375,100.0,644,200000
ga,slack,ga+slack,16,0.95,6,64,15.200145,0.5687475070008077,0.06524759199965047,True,526,93,0.0,0.6989247311827957,0.1050080775444265,1.0,0.31458353308569914,0.31458353308569914,0.31458353308569914,18409.511627906977,True,14.62607590082643,73.13037950413216,73.17685950413224,59.2,1.0,4.445648719008262,0.99927375,99.375,686,200000
ga,slack,ga+slack,16,0.95,7,64,15.200185,0.582874207999339,0.054742457999964245,True,466,94,0.0,0.6276595744680851,0.10535714285714286,1.0,0.3884885197141221,0.3884885197141221,0.3884885197141221,13030.91489361702,True,14.784495999999992,73.92247999999996,74.0,59.2,1.0,4.495155,0.99878875,100.0,630,200000
ga,slack,ga+slack,16,1.0,0,64,15.9999,1.2085387269999046,0.06538965899926552,False,469,79,0.023454157782515993,1.0,0.16423357664233576,1.0,0.0,0.0,0.0,0.0,False,14.8,74.00000000000001,74.0,59.2,1.0,4.499999999999996,1.0,100.0,564,200000
ga,slack,ga+slack,16,1.0,1,64,16.0001,0.554926417000388,0.04798830400068255,False,397,81,0.05793450881612091,0.9876543209876543,0.21548117154811716,1.0,0.012345679012345678,0.012345679012345678,0.012345679012345678,1423.0,False,14.8,74.00000000000001,74.0,59.2,1.0,4.499999999999997,1.0,100.0,494,200000
ga,slack,ga+slack,16,1.0,2,64,16.000125,0.5799970230000326,0.07296454199968139,False,540,100,0.020370370370370372,1.0,0.1734375,1.0,0.0,0.0,0.0,42724.0,False,14.800000000000008,74.00000000000004,74.0,59.2,1.0,4.500000000000004,1.0,100.0,658,200000
ga,slack,ga+slack,16,1.0,3,64,15.999905,0.8034010859992122,0.08173458499913977,False,562,100,0.02491103202846975,0.99,0.17069486404833836,1.0,0.01,0.01,0.01,2044.0,False,14.799740000000009,73.99870000000006,74.0,59.2,1.0,4.499918749999996,0.9999796875,100.0,675,200000
ga,slack,ga+slack,16,1.0,4,64,15.99989,1.6021388469998783,0.0783774520004954,False,368,86,0.03804347826086957,1.0,0.22026431718061673,1.0,0.0,0.0,0.0,97075.0,False,14.800000000000002,74.00000000000001,74.0,59.2,1.0,4.499999999999999,1.0,100.0,468,200000
ga,slack,ga+slack,16,1.0,5,64,15.999865,0.5633232899999712,0.07972756200069853,False,530,94,0.02830188679245283,1.0,0.17467948717948717,1.0,0.0,0.0,0.0,96430.0,False,14.800000000000004,74.00000000000003,74.0,59.2,1.0,4.499999999999999,1.0,100.0,639,200000
ga,slack,ga+slack,16,1.0,6,64,16.0,1.6106488350014843,0.09919499399984488,False,428,95,0.028037383177570093,1.0,0.2045889101338432,1.0,0.0,0.0,0.0,0.0,False,14.8,74.00000000000001,74.0,59.2,1.0,4.499999999999997,1.0,100.0,538,200000
ga,slack,ga+slack,16,1.0,7,64,16.00014,1.6117900280005415,0.10132367400001385,False,466,94,0.030042918454935622,1.0,0.19285714285714287,1.0,0.0,0.0,0.0,89185.66666666667,False,14.799999999999994,73.99999999999997,74.0,59.2,1.0,4.499999999999997,1.0,100.0,573,200000
ga,slack,ga+slack,32,0.25,0,128,7.99995,0.5922274790009396,0.12251258600008441,True,892,173,0.0,0.0,0.0,1.0,1.0,1.0,1.0,5692.959537572255,True,9.990754294582182,49.953771472910915,76.3625344352617,116.80000000000001,0.0,1.4985553585284646,0.4716117187500001,66.25,1262,200000
ga,slack,ga+slack,32,0.25,1,128,8.000105,0.601326785999845,0.13697900499937532,True,814,191,0.0,0.0,0.0,1.0,1.0,1.0,1.0,5619.507853403142,True,9.945730573002763,49.72865286501382,75.81267217630852,116.80000000000001,0.0,1.4915204020316803,0.492470625,65.9375,1217,200000
ga,slack,ga+slack,32,0.25,2,128,7.99981,1.6287750880001113,0.24070746399956988,True,872,218,0.0,0.0,0.0,1.0,1.0,1.0,1.0,5946.6100917431195,True,10.428936028650138,52.144680143250696,78.1230486685032,116.80000000000001,0.0,1.5670212544765814,0.5083434375,66.5625,1328,200000
ga,slack,ga+slack,32,0.25,3,128,7.999775,0.6120952060009586,0.12942971799930092,True,958,174,0.0,0.0,0.0,1.0,1.0,1.0,1.0,5203.8218390804595,True,10.245636202754824,51.228181013774126,79.70578512396693,116.80000000000001,0.0,1.5383806566804394,0.44655921875000004,68.125,1324,200000
ga,slack,ga+slack,32,0.25,4,128,8.000045,0.6010133440013306,0.11872434799988696,True,901,167,0.0,0.0,0.0,1.0,1.0,1.0,1.0,5849.347305389221,True,10.032068305234162,50.16034152617082,77.25913682277317,116.80000000000001,0.0,1.5050106726928343,0.46644890625,66.5625,1256,200000
ga,slack,ga+slack,32,0.25,5,128,8.000115,0.5998266469996452,0.13112178099981975,True,984,181,0.0,0.0,0.0,1.0,1.0,1.0,1.0,5678.8950276243095,True,10.073849980165305,50.369249900826524,78.23544536271808,116.80000000000001,0.0,1.5115390594008256,0.47022078125,67.1875,1366,200000
ga,slack,ga+slack,32,0.25,6,128,7.999895,0.9019217820004997,0.13252992600064317,True,978,179,0.0,0.0,0.0,1.0,1.0,1.0,1.0,6556.860335195531,True,10.26423639302112,51.3211819651056,76.05619834710743,116.80000000000001,0.0,1.541286936409549,0.480779375,66.25,1348,200000
ga,slack,ga+slack,32,0.25,7,128,8.00013,1.6660150989991962,0.17476746500142326,True,849,171,0.0,0.0,0.0,1.0,1.0,1.0,1.0,5727.0935672514615,True,9.820191396510552,49.100956982552766,75.13351698806242,116.80000000000001,0.0,1.4719049057047737,0.47686125,65.625,1214,200000
ga,slack,ga+slack,32,0.5,0,128,15.999905,0.6565744440013077,0.12213916099972266,True,892,173,0.0,0.0,0.0,1.0,1.0,1.0,1.0,5514.156069364162,True,16.271009285950427,81.35504642975214,102.9010101010101,116.80000000000001,0.0,2.479845200929749,0.7148043749999999,79.6875,1261,200000
ga,slack,ga+slack,32,0.5,1,128,15.999985,0.6009929079991707,0.13083286999972188,True,814,191,0.0,0.0,0.0,1.0,1.0,1.0,1.0,5214.544502617801,True,16.125427826997242,80.62713913498622,101.27235996326905,116.80000000000001,0.0,2.4570980979683177,0.7364646875,79.0625,1216,200000
ga,slack,ga+slack,32,0.5,2,128,16.000145,0.8964897789992392,0.20102023700019345,True,872,218,0.0,0.0,0.0,1.0,1.0,1.0,1.0,5397.1100917431195,True,16.101568842975205,80.50784421487603,99.34949494949495,116.80000000000001,0.0,2.453370131714876,0.7766293750000001,78.125,1327,200000
ga,slack,ga+slack,32,0.5,3,128,15.999915,0.609523048000483,0.13832895399900735,True,958,174,0.0,0.0,0.0,1.0,1.0,1.0,1.0,5436.522988505747,True,15.960369317539035,79.80184658769518,101.24848484848485,116.80000000000001,0.0,2.43130770586547,0.732665625,78.75,1328,200000
ga,slack,ga+slack,32,0.5,4,128,15.99993,0.6160023130014451,0.12654863499847124,True,901,167,0.0,0.0,0.0,1.0,1.0,1.0,1.0,5729.934131736527,True,15.430537756106508,77.15268878053254,95.52176308539944,116.80000000000001,0.0,2.348521524391641,0.753935,76.5625,1255,200000
ga,slack,ga+slack,32,0.5,5,128,15.999755,1.0576470880005218,0.18411287299932155,True,984,181,0.0,0.0,0.0,1.0,1.0,1.0,1.0,5851.685082872928,True,15.982875520661137,79.9143776033057,98.67548209366392,116.80000000000001,0.0,2.434824300103303,0.7478484375000001,77.1875,1370,200000
ga,slack,ga+slack,32,0.5,6,128,15.999805,0.7292025009992358,0.1651564599997073,True,978,179,0.0,0.0,0.0,1.0,1.0,1.0,1.0,5352.234636871508,True,15.645074857300276,78.22537428650139,96.4951331496786,116.80000000000001,0.0,2.3820429464531663,0.753475,77.1875,1358,200000
ga,slack,ga+slack,32,0.5,7,128,15.999895,0.6522418189997552,0.12465268400046625,True,849,171,0.0,0.0,0.0,1.0,1.0,1.0,1.0,5601.631578947368,True,16.13135024536271,80.65675122681355,101.97171717171717,116.80000000000001,0.0,2.4580234758379245,0.7216682812499999,79.0625,1214,200000
ga,slack,ga+slack,32,0.75,0,128,24.00001,1.6582492099987576,0.22951785000077507,True,965,177,0.0,0.0,0.0,1.0,1.0,1.0,1.0,3748.084745762712,True,22.21973244664829,111.09866223324146,114.72433425160698,116.80000000000001,0.0,3.409333194788792,0.9676145312500001,86.25,1327,200000
ga,slack,ga+slack,32,0.75,1,128,23.99989,0.6622651500001666,0.13874858399867662,True,814,191,0.0,0.0,0.0,1.0,1.0,1.0,1.0,3578.832460732984,True,22.415714806611586,112.07857403305793,115.91808999081726,116.80000000000001,0.0,3.4399554385330537,0.9685943749999999,86.875,1216,200000
ga,slack,ga+slack,32,0.75,2,128,24.00014,0.6750124259997392,0.16201149600055942,True,872,218,0.0,0.0,0.0,1.0,1.0,1.0,1.0,3492.5688073394494,True,22.680610619283783,113.40305309641893,116.80991735537191,116.80000000000001,0.602555,3.481345409263086,0.9686760937500001,88.125,1322,200000
ga,slack,ga+slack,32,0.75,3,128,23.99996,1.647097091001342,0.2046580679998442,True,895,164,0.0,0.0,0.0,1.0,1.0,1.0,1.0,3799.1646341463415,True,22.107301242607907,110.53650621303954,116.32433425160698,116.80000000000001,0.0,3.3917658191574853,0.9481482812500001,87.5,1240,200000
ga,slack,ga+slack,32,0.75,4,128,23.999975,1.6585454489995755,0.23184087499976158,True,941,173,0.0,0.0,0.0,1.0,1.0,1.0,1.0,3858.901734104046,True,22.470677953719004,112.35338976859504,116.88815426997246,116.80000000000001,0.588225,3.4485434302685904,0.95933140625,87.1875,1306,200000
ga,slack,ga+slack,32,0.75,5,128,24.000235,0.8974421109996911,0.2051568019996921,True,941,192,0.0,0.0,0.0,1.0,1.0,1.0,1.0,3743.5520833333335,True,22.51688992910928,112.5844496455464,116.60348943985308,116.80000000000001,0.0,3.4557640514233205,0.9648132812500001,87.5,1348,200000
ga,slack,ga+slack,32,0.75,6,128,24.000015,0.6006962909996219,0.1565438509987871,True,978,179,0.0,0.0782122905027933,0.012100259291270527,1.0,0.9302854459187828,0.9302854459187828,0.9302854459187828,4169.9702380952385,True,21.674979764922014,108.37489882461009,111.31166207529844,116.80000000000001,0.0,3.32421558826905,0.9811979687500001,85.0,1341,200000
ga,slack,ga+slack,32,0.75,7,128,24.00001,1.6718246260006708,0.24026774300000397,True,849,171,0.0,0.21052631578947367,0.03529411764705882,1.0,0.7987344065229629,0.7987344065229629,0.7987344065229629,4862.121428571429,True,20.41670786556475,102.08353932782376,105.4295684113866,116.80000000000001,0.0,3.1276106039944898,0.99480140625,82.1875,1183,200000
ga,slack,ga+slack,32,0.85,0,128,27.199775,0.6010869000001549,0.2440753050013882,True,985,173,0.0,0.5491329479768786,0.08203799654576857,1.0,0.4793134842835543,0.4793134842835543,0.4793134842835543,10406.242424242424,True,24.080024697887968,120.40012348943985,120.60018365472912,116.80000000000001,0.96907,3.7000038590450006,0.9982203125,90.3125,1279,200000
ga,slack,ga+slack,32,0.85,1,128,27.200135,0.6288242129994615,0.22039369199956127,True,961,173,0.0,0.5491329479768786,0.0837742504409171,1.0,0.4529861212784145,0.4529861212784145,0.4529861212784145,11153.397849462366,True,23.935999142699696,119.67999571349849,120.12966023875116,116.80000000000001,0.953565,3.6774998660468303,0.9959312499999999,90.0,1246,200000
ga,slack,ga+slack,32,0.85,2,128,27.19998,0.6660472539988405,0.3100445799991576,True,872,218,0.0,0.7201834862385321,0.14403669724770643,1.0,0.2869194498912405,0.2869194498912405,0.2869194498912405,20608.18888888889,True,24.038267419283752,120.19133709641876,120.36473829201103,116.80000000000001,0.99074,3.6934792842630864,0.99834859375,90.0,1203,200000
ga,slack,ga+slack,32,0.85,3,128,27.19976,1.6342589710002358,0.31323291300031997,True,1024,159,0.0,0.5408805031446541,0.07269653423499578,1.0,0.476289237529138,0.476289237529138,0.476289237529138,10486.279569892473,True,23.892768271074406,119.46384135537204,119.65950413223142,116.80000000000001,0.96472,3.670745042355371,0.9980753124999999,90.0,1299,200000
ga,slack,ga+slack,32,0.85,4,128,27.200045,0.6259768340005394,0.1935567609998543,True,830,170,0.0,0.4647058823529412,0.079,1.0,0.5512233967351597,0.5512233967351597,0.5512233967351597,7148.019801980198,True,24.330485389164398,121.652426945822,121.88466483011939,116.80000000000001,0.986405,3.7391383420569295,0.99812953125,90.625,1121,200000
ga,slack,ga+slack,32,0.85,5,128,27.199915,0.9062012909998884,0.2346588039999915,True,922,161,0.0,0.484472049689441,0.07202216066481995,1.0,0.5270095206867192,0.5270095206867192,0.5270095206867192,7722.063829787234,True,23.93636929292932,119.68184646464661,119.77704315886136,116.80000000000001,0.98359,3.6775577020202035,0.99919421875,90.0,1198,200000
ga,slack,ga+slack,32,0.85,6,128,27.19974,0.6269950690002588,0.2085758920002263,True,900,165,0.0,0.5818181818181818,0.09014084507042254,1.0,0.4663286724445212,0.4663286724445212,0.4663286724445212,11464.148936170213,True,24.061996072727247,120.30998036363624,120.48264462809918,116.80000000000001,0.987165,3.69718688636364,0.99840546875,90.3125,1182,200000
ga,slack,ga+slack,32,0.85,7,128,27.199855,0.6478307649995259,0.2372968019990367,True,894,176,0.0,0.6022727272727273,0.09906542056074766,1.0,0.42259662515130964,0.42259662515130964,0.42259662515130964,13450.387755102041,True,23.907159444628103,119.53579722314052,119.65950413223142,116.80000000000001,0.97732,3.6729936632231404,0.9987831250000001,90.0,1190,200000
ga,slack,ga+slack,32,0.95,0,128,30.40008,0.6113706880005338,0.1699001569995744,True,1050,141,0.0,0.3475177304964539,0.04114189756507137,1.0,0.6562397513328709,0.6562397513328709,0.6562397513328709,5245.686868686868,True,29.163323999999996,145.81662,146.0,116.80000000000001,1.0,4.494269374999993,0.99856734375,100.0,1312,200000
ga,slack,ga+slack,32,0.95,1,128,30.400005,0.6305169170009322,0.21612922100030119,True,988,181,0.0,0.6132596685082873,0.0949529512403764,1.0,0.4117722638697777,0.4117722638697777,0.4117722638697777,12093.78021978022,True,29.140019999999996,145.7001,146.0,116.80000000000001,1.0,4.490628124999989,0.9976570312499999,100.0,1278,200000
ga,slack,ga+slack,32,0.95,2,128,30.400075,0.6181013009991148,0.2009505629994237,True,895,197,0.0,0.5634517766497462,0.10164835164835165,1.0,0.4577597106236102,0.4577597106236102,0.4577597106236102,7633.292929292929,True,29.18646000000001,145.93230000000005,146.0,116.80000000000001,1.0,4.497884374999987,0.99947109375,100.0,1213,200000
ga,slack,ga+slack,32,0.95,3,128,30.400095,1.0378618809991167,0.2263164180003514,True,1024,159,0.0,0.5345911949685535,0.07185122569737955,1.0,0.48507286989691434,0.48507286989691434,0.48507286989691434,11059.41935483871,True,29.15796,145.7898,146.0,116.80000000000001,1.0,4.493431249999991,0.9983578124999999,100.0,1298,200000
ga,slack,ga+slack,32,0.95,4,128,30.399855,1.6801212810005381,0.26068067099913605,True,847,158,0.0,0.4620253164556962,0.07263681592039802,1.0,0.5620683830296815,0.5620683830296815,0.5620683830296815,7050.183673469388,True,29.172532000000043,145.86266000000023,146.0,116.80000000000001,1.0,4.495708124999993,0.99892703125,100.0,1122,200000
ga,slack,ga+slack,32,0.95,5,128,30.399815,1.688646532000348,0.24934333199962566,True,921,145,0.0,0.46206896551724136,0.06285178236397748,1.0,0.564229403594493,0.564229403594493,0.564229403594493,6683.471264367816,True,29.152036000000027,145.76018000000016,146.0,116.80000000000001,1.0,4.492505624999996,0.99812640625,100.0,1173,200000
ga,slack,ga+slack,32,0.95,6,128,30.3998,0.6256101269991632,0.1804546589992242,True,921,176,0.0,0.5738636363636364,0.09206927985414767,1.0,0.4409783894632662,0.4409783894632662,0.4409783894632662,11420.852631578948,True,29.170692000000017,145.8534600000001,146.0,116.80000000000001,1.0,4.495420624999993,0.99885515625,100.0,1213,200000
ga,slack,ga+slack,32,0.95,7,128,30.40008,1.708259580000231,0.3003563740003301,True,894,176,0.0,0.6306818181818182,0.10373831775700934,1.0,0.38914332470493956,0.38914332470493956,0.38914332470493956,13743.315217391304,True,29.007763900826497,145.0388195041325,145.17685950413224,116.80000000000001,1.0,4.4699631095041275,0.9989215625,99.6875,1184,200000
ga,slack,ga+slack,32,1.0,0,128,31.99985,0.8284507540010964,0.24797290599963162,False,936,165,0.016025641025641024,1.0,0.16348773841961853,1.0,0.0,0.0,0.0,0.0,False,29.200000000000024,146.00000000000014,146.0,116.80000000000001,1.0,4.499999999999994,1.0,100.0,1116,200000
ga,slack,ga+slack,32,1.0,1,128,31.999985,0.6456088180002553,0.2676032080016739,False,977,182,0.03582395087001024,0.9945054945054945,0.18636755823986195,1.0,0.005494505494505495,0.005494505494505495,0.005494505494505495,1056.0,False,29.200000000000042,146.00000000000023,146.0,116.80000000000001,1.0,4.49999999999999,1.0,100.0,1153,200000
ga,slack,ga+slack,32,1.0,2,128,32.00023,1.6771742109995103,0.3372454319996905,False,813,189,0.02952029520295203,0.9947089947089947,0.21157684630738524,1.0,0.005291005291005291,0.005291005291005291,0.005291005291005291,43246.5,False,29.199999999999985,145.99999999999994,146.0,116.80000000000001,1.0,4.499999999999995,1.0,100.0,1012,200000
ga,slack,ga+slack,32,1.0,3,128,31.999935,1.0368010649999633,0.26522682499853545,False,925,180,0.036756756756756756,0.9944444444444445,0.19276018099547512,1.0,0.005555555555555556,0.005555555555555556,0.005555555555555556,1046.0,False,29.200000000000017,146.00000000000009,146.0,116.80000000000001,1.0,4.500000000000001,1.0,100.0,1092,200000
ga,slack,ga+slack,32,1.0,4,128,31.99995,0.6564173700007814,0.22479838499930338,False,847,158,0.04014167650531287,0.9936708860759493,0.1900497512437811,1.0,0.006329113924050633,0.006329113924050633,0.006329113924050633,49036.0,False,29.199999999999992,145.99999999999997,146.0,116.80000000000001,1.0,4.499999999999993,1.0,100.0,1010,200000
ga,slack,ga+slack,32,1.0,5,128,31.99998,0.6335155480010144,0.23211053100021672,False,921,145,0.029315960912052116,1.0,0.16135084427767354,1.0,0.0,0.0,0.0,0.0,False,29.199999999999996,146.0,146.0,116.80000000000001,1.0,4.499999999999991,1.0,100.0,1068,200000
ga,slack,ga+slack,32,1.0,6,128,32.00015,0.6426922520004155,0.23541893199944752,False,921,176,0.026058631921824105,0.9943181818181818,0.1814038286235187,1.0,0.005681818181818182,0.005681818181818182,0.005681818181818182,1500.0,False,29.200000000000003,146.00000000000003,146.0,116.80000000000001,1.0,4.499999999999989,1.0,100.0,1102,200000
ga,slack,ga+slack,32,1.0,7,128,32.0,1.7052986710004916,0.34232429300027434,False,865,183,0.057803468208092484,1.0,0.22232824427480916,1.0,0.0,0.0,0.0,0.0,False,29.200000000000024,146.00000000000014,146.0,116.80000000000001,1.0,4.499999999999988,1.0,100.0,1047,200000
ffd,slack,ffd+slack,8,0.25,0,32,1.999925,0.00020250200032023713,0.007582362000903231,True,196,38,0.0,0.0,0.0,1.0,1.0,1.0,1.0,7545.605263157895,True,2.9857240264462828,14.928620132231416,17.239669421487605,30.400000000000002,0.0,1.616077516528927,0.42919875,55.0,296,200000
ffd,slack,ffd+slack,8,0.25,1,32,2.000075,0.0002007570001296699,0.007792123999024625,True,198,41,0.0,0.0,0.0,1.0,1.0,1.0,1.0,7655.4390243902435,True,3.002800588429753,15.014002942148766,17.239669421487605,30.400000000000002,0.0,1.6267503677685962,0.4464275,55.0,304,200000
ffd,slack,ffd+slack,8,0.25,2,32,1.99997,0.00020321500051068142,0.00897214899850951,True,169,50,0.0,0.0,0.0,1.0,1.0,1.0,1.0,8449.58,True,3.0672092958677664,15.336046479338833,17.887603305785124,30.400000000000002,0.0,1.6670058099173548,0.50912875,55.0,292,200000
ffd,slack,ffd+slack,8,0.25,3,32,1.9999850000000001,0.00019807900025625713,0.006321101000139606,True,182,32,0.0,0.0,0.0,1.0,1.0,1.0,1.0,7143.3125,True,2.947525375206612,14.737626876033062,16.591735537190083,30.400000000000002,0.0,1.592203359504132,0.39308937499999996,55.0,270,200000
ffd,slack,ffd+slack,8,0.25,4,32,1.99996,0.00023017700004857033,0.007780958001603722,True,205,38,0.0,0.0,0.0,1.0,1.0,1.0,1.0,7899.973684210527,True,2.99386474049587,14.96932370247935,17.887603305785124,30.400000000000002,0.0,1.6211654628099168,0.437869375,55.0,305,200000
ffd,slack,ffd+slack,8,0.25,5,32,2.0,0.00019859399981214665,0.009168548000161536,True,252,42,0.0,0.0,0.0,1.0,1.0,1.0,1.0,6997.833333333333,True,2.9873458644628093,14.936729322314047,17.239669421487605,30.400000000000002,0.0,1.6170911652892568,0.434918125,55.0,360,200000
ffd,slack,ffd+slack,8,0.25,6,32,1.999955,0.00020562099962262437,0.0075382510003692005,True,189,41,0.0,0.0,0.0,1.0,1.0,1.0,1.0,7492.658536585366,True,2.998614181818183,14.993070909090916,16.591735537190083,30.400000000000002,0.0,1.6241338636363618,0.44215000000000004,55.0,295,200000
ffd,slack,ffd+slack,8,0.25,7,32,1.99993,0.00019232900012866594,0.008505355999659514,True,230,41,0.0,0.0,0.0,1.0,1.0,1.0,1.0,7596.170731707317,True,2.9996357024793396,14.998178512396699,17.239669421487605,30.400000000000002,0.0,1.624772314049586,0.445473125,55.0,336,200000
ffd,slack,ffd+slack,8,0.5,0,32,4.000055,0.00022509199880005326,0.008204916999602574,True,196,38,0.0,0.0,0.0,1.0,1.0,1.0,1.0,7553.578947368421,True,4.58188906446281,22.90944532231405,24.591735537190083,30.400000000000002,0.0,2.6136806652892552,0.68077,70.0,296,200000
ffd,slack,ffd+slack,8,0.5,1,32,4.000005,0.00022671499937132467,0.008446329999060254,True,198,41,0.0,0.0,0.0,1.0,1.0,1.0,1.0,7575.682926829269,True,4.593484985123966,22.96742492561983,24.591735537190083,30.400000000000002,0.0,2.620928115702479,0.700068125,70.0,303,200000
ffd,slack,ffd+slack,8,0.5,2,32,3.999895,0.00023272899852599949,0.00977491000048758,True,169,50,0.0,0.0,0.0,1.0,1.0,1.0,1.0,8755.76,True,4.6816269583103765,23.408134791551884,27.144536271809,30.400000000000002,0.0,2.6760168489439837,0.74776,70.0,293,200000
ffd,slack,ffd+slack,8,0.5,3,32,3.999975,0.00022488100148621015,0.00691936600014742,True,182,32,0.0,0.0,0.0,1.0,1.0,1.0,1.0,7143.3125,True,4.542899854545454,22.714499272727274,24.591735537190083,30.400000000000002,0.0,2.5893124090909088,0.644906875,70.0,269,200000
ffd,slack,ffd+slack,8,0.5,4,32,4.000015,0.0002454840014252113,0.008085124998615356,True,205,38,0.0,0.0,0.0,1.0,1.0,1.0,1.0,8512.5,True,4.592981461157027,22.96490730578514,24.591735537190083,30.400000000000002,0.0,2.6206134132231416,0.688233125,70.0,305,200000
ffd,slack,ffd+slack,8,0.5,5,32,3.999915,0.00023282599977392238,0.009686079998573405,True,252,42,0.0,0.0,0.0,1.0,1.0,1.0,1.0,7032.333333333333,True,4.5825545454545455,22.91277272727273,24.591735537190083,30.400000000000002,0.0,2.6140965909090905,0.68676,70.0,360,200000
ffd,slack,ffd+slack,8,0.5,6,32,4.000045,0.00022203899970918428,0.008268790999863995,True,189,41,0.0,0.0,0.0,1.0,1.0,1.0,1.0,7492.658536585366,True,4.592035352066114,22.960176760330572,24.591735537190083,30.400000000000002,0.0,2.6200220950413207,0.69478,70.0,295,200000
ffd,slack,ffd+slack,8,0.5,7,32,3.999975,0.0002233420000266051,0.00910186600049201,True,230,41,0.0,0.0,0.0,1.0,1.0,1.0,1.0,7718.4390243902435,True,4.595014803305787,22.97507401652894,24.591735537190083,30.400000000000002,0.0,2.6218842520661148,0.6973112499999999,70.0,336,200000
ffd,slack,ffd+slack,8,0.75,0,32,5.999925,0.00027799599956779275,0.010185490000367281,True,197,46,0.0,0.41304347826086957,0.07818930041152264,1.0,0.8204509021486454,0.8204509021486454,0.8204509021486454,17830.441860465115,True,6.220446631404958,31.10223315702479,31.29586776859504,30.400000000000002,0.9632,3.637779144628098,0.9705818749999999,85.0,310,200000
ffd,slack,ffd+slack,8,0.75,1,32,5.999975,0.00023892399985925294,0.009578978000718052,True,198,41,0.0,0.24390243902439024,0.04184100418410042,1.0,0.8774861873465831,0.8774861873465831,0.8774861873465831,13462.75,True,6.1948921454545465,30.974460727272735,31.29586776859504,30.400000000000002,0.853125,3.62180759090909,0.94654625,85.0,303,200000
ffd,slack,ffd+slack,8,0.75,2,32,5.999985,0.00024284699975396506,0.012171280999609735,True,169,50,0.0,0.68,0.1552511415525114,1.0,0.5643594052074296,0.5643594052074296,0.5643594052074296,23853.897435897437,True,6.238599061157022,31.192995305785114,31.29586776859504,30.400000000000002,1.0,3.6491244132231406,0.9801537499999999,85.0,282,200000
ffd,slack,ffd+slack,8,0.75,3,32,5.99992,0.00025457000083406456,0.010424017000332242,True,196,40,0.0,0.325,0.05508474576271186,1.0,0.8128784502351116,0.8128784502351116,0.8128784502351116,14777.564102564103,True,6.188551193388429,30.942755966942148,31.29586776859504,30.400000000000002,0.90151,3.6178444958677685,0.942450625,85.0,299,200000
ffd,slack,ffd+slack,8,0.75,4,32,5.999905,0.00021984799968777224,0.009205110998664168,True,205,38,0.0,0.34210526315789475,0.053497942386831275,1.0,0.8788448189150522,0.8788448189150522,0.8788448189150522,16795.105263157893,True,6.189182347107437,30.945911735537187,31.29586776859504,30.400000000000002,0.832365,3.6182389669421506,0.9396837499999999,85.0,305,200000
ffd,slack,ffd+slack,8,0.75,5,32,5.999905,0.000245367999013979,0.011534588998983963,True,252,42,0.0,0.047619047619047616,0.006802721088435374,1.0,0.9925669567544594,0.9925669567544594,0.9925669567544594,10154.52380952381,True,6.180252826446285,30.90126413223143,31.29586776859504,30.400000000000002,0.85268,3.612658016528926,0.93766,85.0,359,200000
ffd,slack,ffd+slack,8,0.75,6,32,5.999975,0.00028388799910317175,0.01090128400028334,True,189,41,0.0,0.1951219512195122,0.034782608695652174,1.0,0.9123599330680185,0.9123599330680185,0.9123599330680185,12754.55,True,6.195357024793391,30.976785123966955,31.29586776859504,30.400000000000002,0.847585,3.622098140495869,0.942885,85.0,294,200000
ffd,slack,ffd+slack,8,0.75,7,32,5.999955,0.00024526400011382066,0.010985885999616585,True,230,41,0.0,0.14634146341463414,0.02214022140221402,1.0,0.9721703508174939,0.9721703508174939,0.9721703508174939,11558.609756097561,True,6.190335398347102,30.951676991735514,31.29586776859504,30.400000000000002,0.883485,3.618959623966941,0.949154375,85.0,335,200000
ffd,slack,ffd+slack,8,0.85,0,32,6.80019,0.0002684560004126979,0.013884730999052408,True,197,46,0.0,0.7391304347826086,0.13991769547325103,1.0,0.3856818232239226,0.3856818232239226,0.3856818232239226,25083.321428571428,True,6.757166783471066,33.78583391735533,33.824793388429754,30.400000000000002,0.99724,3.9732292396694207,0.99426875,91.25,295,200000
ffd,slack,ffd+slack,8,0.85,1,32,6.800135,0.0003785600001720013,0.020877581999229733,True,198,41,0.0,0.7073170731707317,0.12133891213389121,1.0,0.49294161736404757,0.49294161736404757,0.49294161736404757,20247.72,True,6.747473533884292,33.73736766942146,33.824793388429754,30.400000000000002,1.0,3.9671709586776873,0.98313375,91.25,287,200000
ffd,slack,ffd+slack,8,0.85,2,32,6.799925,0.0002749860013864236,0.014204618000803748,True,169,50,0.0,0.84,0.1917808219178082,1.0,0.21247308031758994,0.21247308031758994,0.21247308031758994,33262.59090909091,True,6.752619424793392,33.763097123966965,33.824793388429754,30.400000000000002,1.0,3.970387140495865,0.9880975000000001,91.25,265,200000
ffd,slack,ffd+slack,8,0.85,3,32,6.79992,0.00027512499946169555,0.011609437000515754,True,196,40,0.0,0.575,0.09745762711864407,1.0,0.511324342920058,0.511324342920058,0.511324342920058,18518.75,True,6.752451768595034,33.76225884297517,33.824793388429754,30.400000000000002,0.99822,3.970282355371901,0.9890868749999999,91.25,288,200000
ffd,slack,ffd+slack,8,0.85,4,32,6.799945,0.00025275400003010873,0.013275741999677848,True,205,38,0.0,0.6578947368421053,0.102880658436214,1.0,0.4455036798301631,0.4455036798301631,0.4455036798301631,23148.615384615383,True,6.752953110743799,33.764765553718995,33.824793388429754,30.400000000000002,1.0,3.970595694214877,0.988419375,91.25,291,200000
ffd,slack,ffd+slack,8,0.85,5,32,6.799995,0.00025069200091820676,0.01702343400029349,True,252,42,0.0,0.6666666666666666,0.09523809523809523,1.0,0.43197049102019747,0.43197049102019747,0.43197049102019747,21933.172413793105,True,6.74995900826446,33.7497950413223,33.824793388429754,30.400000000000002,1.0,3.968724380165289,0.98553125,91.25,346,200000
ffd,slack,ffd+slack,8,0.85,6,32,6.799975,0.00026598499971441925,0.012327970000114874,True,189,41,0.0,0.6585365853658537,0.11739130434782609,1.0,0.476324860982253,0.476324860982253,0.476324860982253,21078.571428571428,True,6.756625276033054,33.78312638016527,33.824793388429754,30.400000000000002,0.998285,3.972890797520662,0.993070625,91.25,282,200000
ffd,slack,ffd+slack,8,0.85,7,32,6.7999,0.0002656619999470422,0.011743139999452978,True,240,36,0.0,0.4166666666666667,0.05434782608695652,1.0,0.6707103516938151,0.6707103516938151,0.6707103516938151,14667.592592592593,True,6.74651865785124,33.7325932892562,33.824793388429754,30.400000000000002,0.995425,3.966574161157024,0.98517125,91.25,325,200000
ffd,slack,ffd+slack,8,0.95,0,32,7.59985,0.0002706100003706524,0.01575795200005814,True,197,46,0.0,0.8695652173913043,0.1646090534979424,1.0,0.13043478260869565,0.13043478260869565,0.13043478260869565,3392.3333333333335,True,7.174876033057847,35.87438016528924,35.87438016528925,30.400000000000002,1.0,4.2342975206611575,1.0,96.25,273,200000
ffd,slack,ffd+slack,8,0.95,1,32,7.600015,0.00024755900085438043,0.015017979998447117,True,198,41,0.0,0.9024390243902439,0.15481171548117154,1.0,0.0975609756097561,0.0975609756097561,0.0975609756097561,20090.0,True,7.174876033057851,35.87438016528926,35.87438016528925,30.400000000000002,1.0,4.234297520661157,1.0,96.25,269,200000
ffd,slack,ffd+slack,8,0.95,2,32,7.599895,0.0002913210009864997,0.01506070399955206,True,169,50,0.0,0.94,0.2146118721461187,1.0,0.06,0.06,0.06,3234.0,True,7.174876033057855,35.87438016528928,35.87438016528925,30.400000000000002,1.0,4.234297520661159,1.0,96.25,245,200000
ffd,slack,ffd+slack,8,0.95,3,32,7.59997,0.0003226139997423161,0.01259384399963892,True,196,40,0.0,0.75,0.1271186440677966,1.0,0.25,0.25,0.25,8448.818181818182,True,7.29251960697888,36.462598034894405,36.4712580348944,30.400000000000002,1.0,4.307824754361799,0.999729375,97.5,271,200000
ffd,slack,ffd+slack,8,0.95,4,32,7.600005,0.0002630479993968038,0.014937486001144862,True,205,38,0.0,0.8947368421052632,0.13991769547325103,1.0,0.10526315789473684,0.10526315789473684,0.10526315789473684,7624.0,True,7.174876033057854,35.874380165289274,35.87438016528925,30.400000000000002,1.0,4.234297520661156,1.0,96.25,271,200000
ffd,slack,ffd+slack,8,0.95,5,32,7.6,0.0002604830006021075,0.01887906699994346,True,252,42,0.0,0.9285714285714286,0.1326530612244898,1.0,0.07142857142857142,0.07142857142857142,0.07142857142857142,45111.666666666664,True,7.174524033057849,35.87262016528925,35.87438016528925,30.400000000000002,1.0,4.234077520661156,0.999945,96.25,324,200000
ffd,slack,ffd+slack,8,0.95,6,32,7.59995,0.0002581819990155054,0.018296799000381725,True,222,49,0.0,0.8979591836734694,0.16236162361623616,1.0,0.10204081632653061,0.10204081632653061,0.10204081632653061,2968.2,True,7.174876033057851,35.87438016528926,35.87438016528925,30.400000000000002,1.0,4.234297520661158,1.0,96.25,300,200000
ffd,slack,ffd+slack,8,0.95,7,32,7.59989,0.0002877590013667941,0.018197518000306445,True,253,40,0.0,0.875,0.11945392491467577,1.0,0.125,0.125,0.125,6291.0,True,7.174456033057848,35.87228016528925,35.87438016528925,30.400000000000002,1.0,4.234035020661155,0.999934375,96.25,322,200000
ffd,slack,ffd+slack,8,1.0,0,32,7.99993,0.0003363739997439552,0.01633444400067674,False,197,46,0.02030456852791878,0.9782608695652174,0.20164609053497942,1.0,0.021739130434782608,0.021739130434782608,0.021739130434782608,1065.0,False,7.600000000000003,38.00000000000002,38.0,30.400000000000002,1.0,4.500000000000001,1.0,100.0,264,200000
ffd,slack,ffd+slack,8,1.0,1,32,7.999885,0.0003047560003324179,0.015288049000446335,False,198,41,0.020202020202020204,0.975609756097561,0.18410041841004185,1.0,0.024390243902439025,0.024390243902439025,0.024390243902439025,46173.0,False,7.600000000000004,38.00000000000002,38.0,30.400000000000002,1.0,4.499999999999999,1.0,100.0,261,200000
ffd,slack,ffd+slack,8,1.0,2,32,7.999975,0.0003112440008408157,0.015103584000826231,False,169,50,0.01775147928994083,1.0,0.2420091324200913,1.0,0.0,0.0,0.0,0.0,False,7.5999999999999925,37.999999999999964,38.0,30.400000000000002,1.0,4.5000000000000036,1.0,100.0,240,200000
ffd,slack,ffd+slack,8,1.0,3,32,7.999925,0.0003174960002070293,0.014686577998872963,False,196,40,0.02040816326530612,0.975,0.18220338983050846,1.0,0.025,0.025,0.025,1109.0,False,7.599880000000002,37.999400000000016,38.0,30.400000000000002,1.0,4.499925,0.99998125,100.0,258,200000
ffd,slack,ffd+slack,8,1.0,4,32,8.000035,0.00030905899984645657,0.01489333599965903,False,205,38,0.04878048780487805,1.0,0.19753086419753085,1.0,0.0,0.0,0.0,0.0,False,7.599999999999992,37.999999999999964,38.0,30.400000000000002,1.0,4.499999999999999,1.0,100.0,262,200000
ffd,slack,ffd+slack,8,1.0,5,32,7.9998949999999995,0.00032391800050390884,0.01888447700002871,False,252,42,0.031746031746031744,1.0,0.17006802721088435,1.0,0.0,0.0,0.0,0.0,False,7.599795999999994,37.998979999999975,38.0,30.400000000000002,1.0,4.4998724999999995,0.999968125,100.0,313,200000
ffd,slack,ffd+slack,8,1.0,6,32,7.999875,0.0003046219990210375,0.018759532998956274,False,222,49,0.03153153153153153,1.0,0.2066420664206642,1.0,0.0,0.0,0.0,97279.0,False,7.599999999999995,37.99999999999998,38.0,30.400000000000002,1.0,4.500000000000001,1.0,100.0,292,200000
ffd,slack,ffd+slack,8,1.0,7,32,8.000045,0.0003105850009887945,0.01865089300008549,False,253,40,0.03557312252964427,1.0,0.16723549488054607,1.0,0.0,0.0,0.0,0.0,False,7.599999999999992,37.999999999999964,38.0,30.400000000000002,1.0,4.500000000000001,1.0,100.0,311,200000
ffd,slack,ffd+slack,16,0.25,0,64,3.99988,0.0005967479992250446,0.023318883999309037,True,418,68,0.0,0.0,0.0,1.0,1.0,1.0,1.0,7362.955882352941,True,5.520485527272726,27.602427636363633,31.183471074380165,59.2,0.0,1.6001517272727264,0.40720937500000004,55.0,578,200000
ffd,slack,ffd+slack,16,0.25,1,64,4.00008,0.0006041880005795974,0.026316871000744868,True,397,81,0.0,0.0,0.0,1.0,1.0,1.0,1.0,7593.580246913581,True,5.598004892561987,27.990024462809938,33.127272727272725,59.2,0.0,1.6243765289256198,0.44233374999999997,55.0,583,200000
ffd,slack,ffd+slack,16,0.25,2,64,4.000075,0.0005704579998564441,0.03537620200040692,True,540,100,0.0,0.0,0.0,1.0,1.0,1.0,1.0,7516.62,True,5.684588105785113,28.422940528925565,33.77520661157025,59.2,0.0,1.6514337830578498,0.48539125,55.0,764,200000
ffd,slack,ffd+slack,16,0.25,3,64,4.000085,0.0005895379999856232,0.025787808001041412,True,420,78,0.0,0.0,0.0,1.0,1.0,1.0,1.0,7196.294871794872,True,5.561818201652888,27.809091008264442,31.183471074380165,59.2,0.0,1.6130681880165278,0.4257975,55.0,600,200000
ffd,slack,ffd+slack,16,0.25,4,64,3.99996,0.0005828069988638163,0.029058668998914072,True,525,78,0.0,0.0,0.0,1.0,1.0,1.0,1.0,7166.666666666667,True,5.561423021487603,27.80711510743802,31.183471074380165,59.2,0.0,1.6129446942148769,0.42483249999999995,55.0,703,200000
ffd,slack,ffd+slack,16,0.25,5,64,4.000055,0.0005803869989904342,0.030809634999968694,True,420,93,0.0,0.0,0.0,1.0,1.0,1.0,1.0,7905.817204301075,True,5.675310710743805,28.376553553719027,33.77520661157025,59.2,0.0,1.6485345971074385,0.47998874999999996,55.0,628,200000
ffd,slack,ffd+slack,16,0.25,6,64,3.99998,0.0005566100007854402,0.03185095299886598,True,431,97,0.0,0.0,0.0,1.0,1.0,1.0,1.0,7257.113402061856,True,5.655481256198347,28.277406280991737,32.47933884297521,59.2,0.0,1.642337892561982,0.47009999999999996,55.0,645,200000
ffd,slack,ffd+slack,16,0.25,7,64,3.99997,0.0005769529998360667,0.027609607999693253,True,456,83,0.0,0.0,0.0,1.0,1.0,1.0,1.0,7279.819277108434,True,5.588967861157029,27.944839305785145,33.127272727272725,59.2,0.0,1.6215524566115707,0.43931218749999995,55.0,646,200000
ffd,slack,ffd+slack,16,0.5,0,64,7.999885,0.0006929200008016778,0.026075818001118023,True,418,68,0.0,0.0,0.0,1.0,1.0,1.0,1.0,7362.955882352941,True,8.712461441322313,43.56230720661157,47.183471074380165,59.2,0.0,2.5976442004132227,0.6587925,70.0,578,200000
ffd,slack,ffd+slack,16,0.5,1,64,7.999945,0.0006827729994256515,0.029256948000693228,True,397,81,0.0,0.0,0.0,1.0,1.0,1.0,1.0,7640.320987654321,True,8.793300323599627,43.96650161799814,47.50707070707071,59.2,0.0,2.6229063511248887,0.693025625,70.0,583,200000
ffd,slack,ffd+slack,16,0.5,2,64,7.99995,0.0006843899991508806,0.03785812900059682,True,540,100,0.0,0.0,0.0,1.0,1.0,1.0,1.0,7811.51,True,8.881994494765843,44.40997247382922,47.9129476584022,59.2,0.0,2.650623279614325,0.73549125,70.0,763,200000
ffd,slack,ffd+slack,16,0.5,3,64,8.00006,0.0006929639985173708,0.02777106199937407,True,420,78,0.0,0.0,0.0,1.0,1.0,1.0,1.0,7196.294871794872,True,8.753800846280994,43.76900423140497,47.183471074380165,59.2,0.0,2.6105627644628115,0.6773709375000001,70.0,600,200000
ffd,slack,ffd+slack,16,0.5,4,64,7.999765,0.0007479529995180201,0.031102331000511185,True,525,78,0.0,0.0,0.0,1.0,1.0,1.0,1.0,7166.666666666667,True,8.757639761983473,43.78819880991737,47.183471074380165,59.2,0.0,2.6117624256198324,0.6755331250000001,70.0,704,200000
ffd,slack,ffd+slack,16,0.5,5,64,7.999855,0.0007012770001892932,0.03365290999863646,True,420,93,0.0,0.0,0.0,1.0,1.0,1.0,1.0,8191.10752688172,True,8.87242701487603,44.36213507438015,47.9129476584022,59.2,0.0,2.6476334421487615,0.7302440625,70.0,629,200000
ffd,slack,ffd+slack,16,0.5,6,64,7.999915,0.0006665549990430009,0.035755569999309955,True,431,97,0.0,0.0,0.0,1.0,1.0,1.0,1.0,7310.81443298969,True,8.842232099173549,44.211160495867745,47.183471074380165,59.2,0.0,2.638197530991734,0.7226971874999999,70.0,649,200000
ffd,slack,ffd+slack,16,0.5,7,64,8.000145,0.0009640290008974262,0.047458723000090686,True,456,83,0.0,0.0,0.0,1.0,1.0,1.0,1.0,7431.6024096385545,True,8.78659916694215,43.93299583471075,47.183471074380165,59.2,0.0,2.620812239669421,0.6898171875000001,70.0,646,200000
ffd,slack,ffd+slack,16,0.75,0,64,12.000125,0.0007659680013603065,0.03620229899934202,True,490,73,0.0,0.2465753424657534,0.03197158081705151,1.0,0.8779687008544251,0.8779687008544251,0.8779687008544251,12993.70588235294,True,11.954317262809907,59.771586314049536,60.59173553719008,59.2,0.78113,3.610724144628096,0.9230996875,85.0,655,200000
ffd,slack,ffd+slack,16,0.75,1,64,11.99981,0.0007803020016581286,0.036920448999808286,True,397,81,0.0,0.345679012345679,0.058577405857740586,1.0,0.8384452363741306,0.8384452363741306,0.8384452363741306,13773.826666666666,True,11.982174598347106,59.91087299173553,60.59173553719008,59.2,0.794385,3.6194295619834698,0.9362734374999999,85.0,577,200000
ffd,slack,ffd+slack,16,0.75,2,64,12.00016,0.0007902519992057933,0.0587671869998303,True,540,100,0.0,0.6,0.09375,1.0,0.6264089564933584,0.6264089564933584,0.6264089564933584,18725.414634146342,True,12.04152501818181,60.207625090909055,60.59173553719008,59.2,0.906515,3.637976568181812,0.9649775,85.0,745,200000
ffd,slack,ffd+slack,16,0.75,3,64,12.00003,0.0008055819998844527,0.03469679699992412,True,456,83,0.0,0.060240963855421686,0.00927643784786642,1.0,0.9920480014447063,0.9920480014447063,0.9920480014447063,10003.060240963856,True,11.965770181818192,59.82885090909096,60.59173553719008,59.2,0.81015,3.6143031818181797,0.932490625,85.0,646,200000
ffd,slack,ffd+slack,16,0.75,4,64,11.999915,0.0007670459999644663,0.03810676499961119,True,525,78,0.0,0.16666666666666666,0.02155887230514096,1.0,0.9547562318782582,0.9547562318782582,0.9547562318782582,11471.467532467532,True,11.953094320661164,59.76547160330582,60.59173553719008,59.2,0.749015,3.6103419752066097,0.9264190625,85.0,703,200000
ffd,slack,ffd+slack,16,0.75,5,64,12.00013,0.0007545270000264281,0.038055901999541675,True,503,88,0.0,0.18181818181818182,0.02707275803722504,1.0,0.905510359635597,0.905510359635597,0.905510359635597,13020.022988505747,True,12.035656383471071,60.17828191735536,60.59173553719008,59.2,0.91465,3.6361426198347093,0.9655437499999999,85.0,701,200000
ffd,slack,ffd+slack,16,0.75,6,64,11.999955,0.0010919659998762654,0.07196165999994264,True,431,97,0.0,0.5773195876288659,0.10606060606060606,1.0,0.6744171969221279,0.6744171969221279,0.6744171969221279,18509.2183908046,True,12.0410755305785,60.2053776528925,60.59173553719008,59.2,0.862805,3.637836103305777,0.9635465624999999,85.0,639,200000
ffd,slack,ffd+slack,16,0.75,7,64,12.00004,0.0007624330010003177,0.036386355001013726,True,456,83,0.0,0.42168674698795183,0.06493506493506493,1.0,0.8426428799558159,0.8426428799558159,0.8426428799558159,14486.825,True,11.979784872727258,59.8989243636363,60.59173553719008,59.2,0.77819,3.61868277272727,0.9368378125,85.0,640,200000
ffd,slack,ffd+slack,16,0.85,0,64,13.599965000000001,0.0008110910002869787,0.05482852500063018,True,423,79,0.0,0.810126582278481,0.12749003984063745,1.0,0.3268478409767445,0.3268478409767445,0.3268478409767445,26748.75,True,13.009125269421476,65.04562634710739,65.1702479338843,59.2,0.99974,3.940351646694216,0.9883459375,90.625,570,200000
ffd,slack,ffd+slack,16,0.85,1,64,13.59996,0.0007798330007062759,0.05025522899995849,True,397,81,0.0,0.7777777777777778,0.13179916317991633,1.0,0.3352246734449508,0.3352246734449508,0.3352246734449508,26868.14285714286,True,13.008449090909078,65.0422454545454,65.1702479338843,59.2,0.999775,3.94014034090909,0.9891903125,90.625,549,200000
ffd,slack,ffd+slack,16,0.85,2,64,13.599925,0.0008542610012227669,0.06929710500116926,True,540,100,0.0,0.85,0.1328125,1.0,0.2423502181504793,0.2423502181504793,0.2423502181504793,28466.297872340427,True,13.01376130909089,65.06880654545446,65.1702479338843,59.2,0.99873,3.9418004090909036,0.9927337500000001,90.625,711,200000
ffd,slack,ffd+slack,16,0.85,3,64,13.599895,0.000890749000973301,0.08389801799967245,True,562,100,0.0,0.83,0.12537764350453173,1.0,0.2735085796956364,0.2735085796956364,0.2735085796956364,28964.195652173912,True,13.014713137190077,65.07356568595038,65.1702479338843,59.2,0.99971,3.9420978553719013,0.991524375,90.625,730,200000
ffd,slack,ffd+slack,16,0.85,4,64,13.59974,0.0012487920012063114,0.052348942999742576,True,368,86,0.0,0.8372093023255814,0.15859030837004406,1.0,0.28574733166345667,0.28574733166345667,0.28574733166345667,28932.551020408162,True,13.025660786776859,65.1283039338843,65.1702479338843,59.2,1.0,3.9455189958677637,0.9959540625000001,90.625,525,200000
ffd,slack,ffd+slack,16,0.85,5,64,13.59974,0.0007622909997735405,0.07080875499923422,True,480,96,0.0,0.8645833333333334,0.1440972222222222,1.0,0.22286305718520913,0.22286305718520913,0.22286305718520913,31373.95348837209,True,13.017465209917354,65.08732604958678,65.1702479338843,59.2,0.999885,3.942957878099172,0.9932574999999999,90.625,643,200000
ffd,slack,ffd+slack,16,0.85,6,64,13.600085,0.0010872229995584348,0.10729612300019653,True,526,93,0.0,0.8064516129032258,0.12116316639741519,1.0,0.3025471594938731,0.3025471594938731,0.3025471594938731,27969.61224489796,True,13.031067008264468,65.15533504132235,65.1702479338843,59.2,1.0,3.947208440082638,0.9990481250000001,90.625,692,200000
ffd,slack,ffd+slack,16,0.85,7,64,13.600075,0.0008553379993827548,0.06194845299978624,True,466,94,0.0,0.8617021276595744,0.14464285714285716,1.0,0.25169116969726957,0.25169116969726957,0.25169116969726957,29462.36170212766,True,13.00896247933884,65.0448123966942,65.1702479338843,59.2,0.999585,3.9403007747933896,0.9886425,90.625,627,200000
ffd,slack,ffd+slack,16,0.95,0,64,15.20006,0.0008706819990038639,0.0560359579994838,True,423,79,0.0,0.9493670886075949,0.14940239043824702,1.0,0.053773181412730395,0.053773181412730395,0.053773181412730395,25872.375,True,14.129226776859504,70.64613388429753,70.64793388429752,59.2,1.0,4.290383367768594,0.999971875,96.25,532,200000
ffd,slack,ffd+slack,16,0.95,1,64,15.200085,0.0008820829989417689,0.05527173899827176,True,397,81,0.0,0.9506172839506173,0.16108786610878661,1.0,0.06816140787271473,0.06816140787271473,0.06816140787271473,26871.0,True,14.129458776859515,70.64729388429758,70.64793388429752,59.2,1.0,4.2904558677685944,0.9999899999999999,96.25,513,200000
ffd,slack,ffd+slack,16,0.95,2,64,15.19998,0.0009003280010801973,0.0809839869998541,True,540,100,0.0,0.97,0.1515625,1.0,0.05281824189706342,0.05281824189706342,0.05281824189706342,33298.0,True,14.127538776859492,70.63769388429746,70.64793388429752,59.2,0.999675,4.289855867768598,0.99984,96.25,674,200000
ffd,slack,ffd+slack,16,0.95,3,64,15.199885,0.0008964270000433316,0.0885903620001045,True,562,100,0.0,0.94,0.1419939577039275,1.0,0.06,0.06,0.06,33374.0,True,14.127258776859508,70.63629388429754,70.64793388429752,59.2,1.0,4.289768367768595,0.999818125,96.25,695,200000
ffd,slack,ffd+slack,16,0.95,4,64,15.200075,0.0012342239988356596,0.063084967998293,True,368,86,0.0,0.9534883720930233,0.18061674008810572,1.0,0.06735377846438331,0.06735377846438331,0.06735377846438331,26020.81818181818,True,14.129258776859505,70.64629388429753,70.64793388429752,59.2,1.0,4.2903933677685915,0.9999743750000001,96.25,488,200000
ffd,slack,ffd+slack,16,0.95,5,64,15.20028,0.0008346869999513729,0.07122374599930481,True,480,96,0.0,0.9479166666666666,0.1579861111111111,1.0,0.053029563920909385,0.053029563920909385,0.053029563920909385,32245.9,True,14.129586776859506,70.64793388429754,70.64793388429752,59.2,1.0,4.290495867768596,1.0,96.25,607,200000
ffd,slack,ffd+slack,16,0.95,6,64,15.200145,0.000831194000056712,0.0768306970003323,True,526,93,0.0,0.989247311827957,0.14862681744749595,1.0,0.04509798844366459,0.04509798844366459,0.04509798844366459,38385.444444444445,True,14.129366776859493,70.64683388429748,70.64793388429752,59.2,1.0,4.290427117768591,0.9999828125,96.25,651,200000
ffd,slack,ffd+slack,16,0.95,7,64,15.200185,0.0009271420003642561,0.06581240200102911,True,466,94,0.0,0.9148936170212766,0.15357142857142858,1.0,0.09503214860125062,0.09503214860125062,0.09503214860125062,22308.46153846154,True,14.129166776859513,70.64583388429757,70.64793388429752,59.2,1.0,4.290364617768593,0.9999671875,96.25,597,200000
ffd,slack,ffd+slack,16,1.0,0,64,15.9999,0.0014539169987983769,0.10708750099911413,False,469,79,0.023454157782515993,1.0,0.16423357664233576,1.0,0.0,0.0,0.0,0.0,False,14.800000000000022,74.00000000000011,74.0,59.2,1.0,4.499999999999999,1.0,100.0,563,200000
ffd,slack,ffd+slack,16,1.0,1,64,16.0001,0.0009581890008121263,0.05663017100050638,False,397,81,0.017632241813602016,1.0,0.18410041841004185,1.0,0.0,0.0,0.0,0.0,False,14.799999999999988,73.99999999999994,74.0,59.2,1.0,4.500000000000001,1.0,100.0,495,200000
ffd,slack,ffd+slack,16,1.0,2,64,16.000125,0.0009966019988496555,0.0906895739990432,False,540,100,0.018518518518518517,1.0,0.171875,1.0,0.0,0.0,0.0,92649.0,False,14.799867999999988,73.99933999999995,74.0,59.2,1.0,4.499958750000003,0.9999896875000001,100.0,658,200000
ffd,slack,ffd+slack,16,1.0,3,64,15.999905,0.0009665529996709665,0.08691605099920707,False,562,100,0.017793594306049824,1.0,0.1661631419939577,1.0,0.0,0.0,0.0,0.0,False,14.800000000000006,74.00000000000004,74.0,59.2,1.0,4.499999999999998,1.0,100.0,679,200000
ffd,slack,ffd+slack,16,1.0,4,64,15.99989,0.0010511769996810472,0.05323920699993323,False,368,86,0.04619565217391304,1.0,0.22687224669603523,1.0,0.0,0.0,0.0,0.0,False,14.799999999999997,73.99999999999999,74.0,59.2,1.0,4.499999999999997,1.0,100.0,467,200000
ffd,slack,ffd+slack,16,1.0,5,64,15.999865,0.0010275419990648516,0.08356861900028889,False,530,94,0.06792452830188679,1.0,0.20833333333333334,1.0,0.0,0.0,0.0,0.0,False,14.799999999999992,73.99999999999997,74.0,59.2,1.0,4.499999999999999,1.0,100.0,638,200000
ffd,slack,ffd+slack,16,1.0,6,64,16.0,0.0010222239998256555,0.06512904999908642,False,428,95,0.028037383177570093,1.0,0.2045889101338432,1.0,0.0,0.0,0.0,0.0,False,14.80000000000001,74.00000000000006,74.0,59.2,1.0,4.499999999999993,1.0,100.0,538,200000
ffd,slack,ffd+slack,16,1.0,7,64,16.00014,0.001011449001453002,0.074648593999882,False,466,94,0.034334763948497854,1.0,0.19642857142857142,1.0,0.0,0.0,0.0,0.0,False,14.799899999999987,73.99949999999994,74.0,59.2,1.0,4.499968749999998,0.9999921875,100.0,577,200000
ffd,slack,ffd+slack,32,0.25,0,128,7.99995,0.0030091539993009064,0.15994334000060917,True,892,173,0.0,0.0,0.0,1.0,1.0,1.0,1.0,7566.606936416185,True,10.846933514049613,54.23466757024807,59.71900826446281,116.80000000000001,0.0,1.632333361570245,0.45465124999999995,55.0,1260,200000
ffd,slack,ffd+slack,32,0.25,1,128,8.000105,0.0019911929994123057,0.10915373399984674,True,814,191,0.0,0.0,0.0,1.0,1.0,1.0,1.0,7381.246073298429,True,10.912024026446275,54.56012013223138,61.662809917355375,116.80000000000001,0.0,1.642503754132231,0.47043843750000003,55.0,1217,200000
ffd,slack,ffd+slack,32,0.25,2,128,7.99981,0.0029661520002264297,0.1496261840002262,True,872,218,0.0,0.0,0.0,1.0,1.0,1.0,1.0,7510.802752293578,True,11.057860800000007,55.289304000000044,63.606611570247935,116.80000000000001,0.0,1.6652907499999974,0.5061164062500001,55.0,1329,200000
ffd,slack,ffd+slack,32,0.25,3,128,7.999775,0.002891931000704062,0.14100274799966428,True,958,174,0.0,0.0,0.0,1.0,1.0,1.0,1.0,7394.310344827586,True,10.829828786776858,54.1491439338843,62.95867768595041,116.80000000000001,0.0,1.6296607479338816,0.45138328125000005,55.0,1328,200000
ffd,slack,ffd+slack,32,0.25,4,128,8.000045,0.0019666339994728332,0.10355777499898977,True,901,167,0.0,0.0,0.0,1.0,1.0,1.0,1.0,7660.538922155689,True,10.827499748760347,54.13749874380174,59.71900826446281,116.80000000000001,0.0,1.6292968357437971,0.45003671874999995,55.0,1256,200000
ffd,slack,ffd+slack,32,0.25,5,128,8.000115,0.0019510700003593229,0.11403801699998439,True,984,181,0.0,0.0,0.0,1.0,1.0,1.0,1.0,7368.469613259668,True,10.862865910743793,54.31432955371897,61.01487603305785,116.80000000000001,0.0,1.634822798553718,0.45852812499999995,55.0,1367,200000
ffd,slack,ffd+slack,32,0.25,6,128,7.999895,0.0019760070008487673,0.11271257699991111,True,978,179,0.0,0.0,0.0,1.0,1.0,1.0,1.0,7679.731843575419,True,10.889605970247903,54.44802985123952,61.01487603305785,116.80000000000001,0.0,1.6390009328512394,0.46488921875,55.0,1349,200000
ffd,slack,ffd+slack,32,0.25,7,128,8.00013,0.0030752490001759725,0.15171516000009433,True,849,171,0.0,0.0,0.0,1.0,1.0,1.0,1.0,7459.216374269005,True,10.825126783471047,54.12563391735524,62.31074380165289,116.80000000000001,0.0,1.6289260599173523,0.4494475,55.0,1213,200000
ffd,slack,ffd+slack,32,0.5,0,128,15.999905,0.0024157499992725207,0.11487324799963972,True,892,173,0.0,0.0,0.0,1.0,1.0,1.0,1.0,7566.606936416185,True,17.24110095206611,86.20550476033056,91.71900826446281,116.80000000000001,0.0,2.631422023760329,0.7052195312499999,70.0,1257,200000
ffd,slack,ffd+slack,32,0.5,1,128,15.999985,0.0024158800006262027,0.11690561500108743,True,814,191,0.0,0.0,0.0,1.0,1.0,1.0,1.0,7427.492146596858,True,17.305652502479344,86.52826251239672,92.36694214876033,116.80000000000001,0.0,2.6415082035123967,0.7210529687499999,70.0,1213,200000
ffd,slack,ffd+slack,32,0.5,2,128,16.000145,0.002368430999922566,0.1338860569994722,True,872,218,0.0,0.0,0.0,1.0,1.0,1.0,1.0,7761.747706422018,True,17.45276813223139,87.26384066115696,92.36694214876033,116.80000000000001,0.0,2.664495020661152,0.75665375,70.0,1327,200000
ffd,slack,ffd+slack,32,0.5,3,128,15.999915,0.0023667819987167604,0.11544086799949582,True,958,174,0.0,0.0,0.0,1.0,1.0,1.0,1.0,7547.5114942528735,True,17.224587133884317,86.1229356694216,92.36694214876033,116.80000000000001,0.0,2.6288417396694177,0.7019170312499999,70.0,1325,200000
ffd,slack,ffd+slack,32,0.5,4,128,15.99993,0.002333608999833814,0.11172315800104116,True,901,167,0.0,0.0,0.0,1.0,1.0,1.0,1.0,7660.538922155689,True,17.22155665454543,86.10778327272716,91.71900826446281,116.80000000000001,0.0,2.628368227272727,0.7006090625,70.0,1258,200000
ffd,slack,ffd+slack,32,0.5,5,128,15.999755,0.0032926250005402835,0.19018273199981195,True,984,181,0.0,0.0,0.0,1.0,1.0,1.0,1.0,7410.668508287293,True,17.25384994380166,86.26924971900831,92.36694214876033,116.80000000000001,0.0,2.63341405371901,0.70937796875,70.0,1366,200000
ffd,slack,ffd+slack,32,0.5,6,128,15.999805,0.0022687499986204784,0.1266922880004131,True,978,179,0.0,0.0,0.0,1.0,1.0,1.0,1.0,7665.2011173184355,True,17.282165090909075,86.41082545454539,92.36694214876033,116.80000000000001,0.0,2.6378382954545376,0.71561125,70.0,1354,200000
ffd,slack,ffd+slack,32,0.5,7,128,15.999895,0.0034284280009160284,0.14822008100054518,True,849,171,0.0,0.0,0.0,1.0,1.0,1.0,1.0,7482.479532163743,True,17.211463160330588,86.05731580165295,92.36694214876033,116.80000000000001,0.0,2.6267911188016493,0.70076578125,70.0,1212,200000
ffd,slack,ffd+slack,32,0.75,0,128,24.00001,0.002932646999397548,0.18189791499935382,True,965,177,0.0,0.2655367231638418,0.04115586690017513,1.0,0.9302379423562342,0.9302379423562342,0.9302379423562342,13133.810344827587,True,23.637773157024785,118.18886578512394,119.18347107438017,116.80000000000001,0.81851,3.6309020557851093,0.95685421875,85.0,1338,200000
ffd,slack,ffd+slack,32,0.75,1,128,23.99989,0.004064011998707429,0.29870276499968895,True,814,191,0.0,0.4973821989528796,0.0945273631840796,1.0,0.7982854970218594,0.7982854970218594,0.7982854970218594,16231.889502762431,True,23.69566449586776,118.47832247933881,119.18347107438017,116.80000000000001,0.865785,3.6399475774793393,0.96795078125,85.0,1201,200000
ffd,slack,ffd+slack,32,0.75,2,128,24.00014,0.002873229001124855,0.23094103100083885,True,872,218,0.0,0.6513761467889908,0.13027522935779817,1.0,0.6329009052601084,0.6329009052601084,0.6329009052601084,21878.01098901099,True,23.753008357024797,118.765041785124,119.18347107438017,116.80000000000001,0.92666,3.648907555785116,0.9802571875,85.0,1271,200000
ffd,slack,ffd+slack,32,0.75,3,128,23.99996,0.00397163099842146,0.18819741100014653,True,895,164,0.0,0.018292682926829267,0.0028328611898017,1.0,0.998430157562502,0.998430157562502,0.998430157562502,10217.768292682927,True,23.57357120661157,117.86785603305786,119.18347107438017,116.80000000000001,0.775045,3.62087050103305,0.9434743750000001,85.0,1244,200000
ffd,slack,ffd+slack,32,0.75,4,128,23.999975,0.002904805998696247,0.13213200999962282,True,941,173,0.0,0.10982658959537572,0.017055655296229804,1.0,0.9853137317053962,0.9853137317053962,0.9853137317053962,11700.35260115607,True,23.650807021487577,118.25403510743789,119.18347107438017,116.80000000000001,0.84484,3.6329385971074304,0.96276515625,85.0,1299,200000
ffd,slack,ffd+slack,32,0.75,5,128,24.000235,0.002758523000011337,0.23927401400032977,True,941,192,0.0,0.6302083333333334,0.10679611650485436,1.0,0.6497351159192918,0.6497351159192918,0.6497351159192918,20532.772151898735,True,23.671801520661184,118.35900760330593,119.18347107438017,116.80000000000001,0.827465,3.636218987603296,0.9602359375,85.0,1303,200000
ffd,slack,ffd+slack,32,0.75,6,128,24.000015,0.0027420490005169995,0.17446793399903981,True,978,179,0.0,0.3854748603351955,0.059636992221261884,1.0,0.8638041579506812,0.8638041579506812,0.8638041579506812,14648.502890173411,True,23.676309785123948,118.38154892561975,119.18347107438017,116.80000000000001,0.839335,3.6369234039256173,0.96377,85.0,1343,200000
ffd,slack,ffd+slack,32,0.75,7,128,24.00001,0.002751740999883623,0.1251468560003559,True,849,171,0.0,0.1871345029239766,0.03137254901960784,1.0,0.9188690197482345,0.9188690197482345,0.9188690197482345,11918.35119047619,True,23.606520859504144,118.03260429752073,119.18347107438017,116.80000000000001,0.80546,3.626018884297513,0.9501228125000001,85.0,1198,200000
ffd,slack,ffd+slack,32,0.85,0,128,27.199775,0.0029137810015527066,0.27075417199921503,True,985,173,0.0,0.8554913294797688,0.12780656303972365,1.0,0.2826758873384919,0.2826758873384919,0.2826758873384919,30036.575757575756,True,25.82607170247937,129.13035851239687,129.2396694214876,116.80000000000001,1.0,3.9728237035123963,0.9948321874999999,90.625,1280,200000
ffd,slack,ffd+slack,32,0.85,1,128,27.200135,0.004085206001036568,0.34253478400023596,True,961,173,0.0,0.7861271676300579,0.11992945326278659,1.0,0.3725800104947498,0.3725800104947498,0.3725800104947498,26536.960784313724,True,25.83024194380164,129.1512097190082,129.2396694214876,116.80000000000001,1.0,3.973475303719002,0.9962282812500001,90.625,1252,200000
ffd,slack,ffd+slack,32,0.85,2,128,27.19998,0.004285011998945265,0.3727267159993062,True,872,218,0.0,0.8944954128440367,0.17889908256880735,1.0,0.17060000702805836,0.17060000702805836,0.17060000702805836,37883.71875,True,25.842483887603347,129.21241943801675,129.2396694214876,116.80000000000001,1.0,3.9753881074380173,0.99868734375,90.625,1209,200000
ffd,slack,ffd+slack,32,0.85,3,128,27.19976,0.0029852319985366194,0.2452445059989259,True,1024,159,0.0,0.8553459119496856,0.11496196111580727,1.0,0.3024540055116794,0.3024540055116794,0.3024540055116794,29904.840425531915,True,25.83152277685956,129.15761388429783,129.2396694214876,116.80000000000001,1.0,3.973675433884295,0.99640296875,90.625,1293,200000
ffd,slack,ffd+slack,32,0.85,4,128,27.200045,0.002938055000413442,0.2016359100016416,True,830,170,0.0,0.8647058823529412,0.147,1.0,0.27638797182395275,0.27638797182395275,0.27638797182395275,31126.395833333332,True,25.842960350413243,129.21480175206622,129.2396694214876,116.80000000000001,1.0,3.975462554752064,0.9992153125,90.625,1115,200000
ffd,slack,ffd+slack,32,0.85,5,128,27.199915,0.0040603919987916015,0.34731977699993877,True,922,161,0.0,0.782608695652174,0.11634349030470914,1.0,0.37916701184417256,0.37916701184417256,0.37916701184417256,27254.969696969696,True,25.81840003305787,129.09200016528936,129.2396694214876,116.80000000000001,1.0,3.971625005165282,0.99300640625,90.625,1205,200000
ffd,slack,ffd+slack,32,0.85,6,128,27.19974,0.003044815999601269,0.22424722100004146,True,900,165,0.0,0.8606060606060606,0.13333333333333333,1.0,0.2990914353842514,0.2990914353842514,0.2990914353842514,29929.967741935485,True,25.81200486611568,129.06002433057841,129.2396694214876,116.80000000000001,0.99994,3.970625760330569,0.9924059375000001,90.625,1179,200000
ffd,slack,ffd+slack,32,0.85,7,128,27.199855,0.0029741369999101153,0.2288132929988933,True,894,176,0.0,0.8068181818181818,0.13271028037383178,1.0,0.31108020271510956,0.31108020271510956,0.31108020271510956,28086.86,True,25.831037540495817,129.1551877024791,129.2396694214876,116.80000000000001,0.999875,3.973599615702474,0.99623421875,90.625,1188,200000
ffd,slack,ffd+slack,32,0.95,0,128,30.40008,0.0031914239989419,0.27779110700066667,True,1050,141,0.0,0.9361702127659575,0.11083123425692695,1.0,0.0930982057086906,0.0930982057086906,0.0930982057086906,39356.45161290323,True,28.003528116804393,140.017640584022,140.02534435261708,116.80000000000001,1.0,4.313051268250678,0.99987984375,96.875,1245,200000
ffd,slack,ffd+slack,32,0.95,1,128,30.400005,0.004238498000631807,0.4444031279999763,True,988,181,0.0,0.9834254143646409,0.15226689478186484,1.0,0.037030884259390204,0.037030884259390204,0.037030884259390204,44690.76190476191,True,27.922699609182725,139.61349804591364,139.6194674012856,116.80000000000001,1.0,4.300421813934793,0.999840625,96.5625,1213,200000
ffd,slack,ffd+slack,32,0.95,2,128,30.400075,0.004551682000965229,0.389700597999763,True,895,197,0.0,0.9441624365482234,0.17032967032967034,1.0,0.07154474491889518,0.07154474491889518,0.07154474491889518,37626.620689655174,True,28.004245168044076,140.02122584022038,140.02534435261708,116.80000000000001,1.0,4.313163307506877,0.999933125,96.875,1143,200000
ffd,slack,ffd+slack,32,0.95,3,128,30.400095,0.003035480000107782,0.39920724399962637,True,1024,159,0.0,0.9622641509433962,0.1293322062552832,1.0,0.055133720271001406,0.055133720271001406,0.055133720271001406,44692.17391304348,True,28.003037049035793,140.01518524517897,140.02534435261708,116.80000000000001,1.0,4.312974538911834,0.999868125,96.875,1227,200000
ffd,slack,ffd+slack,32,0.95,4,128,30.399855,0.0031779919991095085,0.2458599490000779,True,847,158,0.0,0.9746835443037974,0.15323383084577114,1.0,0.03653705607395753,0.03653705607395753,0.03653705607395753,49927.90476190476,True,27.922735331496828,139.61367665748415,139.6194674012856,116.80000000000001,1.0,4.300427395546371,0.9999325,96.5625,1049,200000
ffd,slack,ffd+slack,32,0.95,5,128,30.399815,0.003194136999809416,0.2216085159998329,True,921,145,0.0,0.9655172413793104,0.13133208255159476,1.0,0.0557399563441902,0.0557399563441902,0.0557399563441902,44946.04347826087,True,27.923407701744754,139.6170385087238,139.6194674012856,116.80000000000001,1.0,4.300532453397612,0.99997015625,96.5625,1102,200000
ffd,slack,ffd+slack,32,0.95,6,128,30.3998,0.002955178999400232,0.26538807199904113,True,921,176,0.0,0.9659090909090909,0.15496809480401094,1.0,0.04671098671381677,0.04671098671381677,0.04671098671381677,41294.318181818184,True,27.922998035629046,139.61499017814523,139.6194674012856,116.80000000000001,1.0,4.30046844306703,0.9997840625000001,96.5625,1141,200000
ffd,slack,ffd+slack,32,0.95,7,128,30.40008,0.003112373999101692,0.26214500600144675,True,894,176,0.0,0.9715909090909091,0.15981308411214953,1.0,0.04680215571293362,0.04680215571293362,0.04680215571293362,44708.04761904762,True,27.923553301744718,139.6177665087236,139.6194674012856,116.80000000000001,1.0,4.300555203397605,0.99996,96.5625,1114,200000
ffd,slack,ffd+slack,32,1.0,0,128,31.99985,0.005424111999673187,0.3837916970005608,False,936,165,0.0202991452991453,1.0,0.16712079927338783,1.0,0.0,0.0,0.0,0.0,False,29.200000000000014,146.00000000000009,146.0,116.80000000000001,1.0,4.49999999999999,1.0,100.0,1105,200000
ffd,slack,ffd+slack,32,1.0,1,128,31.999985,0.003584664998925291,0.28082003599956806,False,977,182,0.02661207778915046,0.9945054945054945,0.17860224331320104,1.0,0.005494505494505495,0.005494505494505495,0.005494505494505495,1056.0,False,29.199896000000013,145.9994800000001,146.0,116.80000000000001,1.0,4.49998375,0.9999959375,100.0,1168,200000
ffd,slack,ffd+slack,32,1.0,2,128,32.00023,0.003666163998786942,0.23182437700052105,False,813,189,0.025830258302583026,1.0,0.20958083832335328,1.0,0.0,0.0,0.0,91097.0,False,29.199976000000042,145.99988000000022,146.0,116.80000000000001,1.0,4.499996249999999,0.9999990625,100.0,1012,200000
ffd,slack,ffd+slack,32,1.0,3,128,31.999935,0.0049862280011439,0.40083460899950296,False,925,180,0.021621621621621623,1.0,0.18099547511312217,1.0,0.0,0.0,0.0,142854.0,False,29.199999999999957,145.9999999999998,146.0,116.80000000000001,1.0,4.49999999999999,1.0,100.0,1114,200000
ffd,slack,ffd+slack,32,1.0,4,128,31.99995,0.003666512000563671,0.22658997799953795,False,847,158,0.01652892561983471,1.0,0.17114427860696518,1.0,0.0,0.0,0.0,96057.0,False,29.2,146.0,146.0,116.80000000000001,1.0,4.500000000000002,1.0,100.0,1011,200000
ffd,slack,ffd+slack,32,1.0,5,128,31.99998,0.005298005999065936,0.2429606710011285,False,921,145,0.04017372421281216,1.0,0.17073170731707318,1.0,0.0,0.0,0.0,0.0,False,29.199999999999985,145.99999999999994,146.0,116.80000000000001,1.0,4.499999999999997,1.0,100.0,1074,200000
ffd,slack,ffd+slack,32,1.0,6,128,32.00015,0.00497929999983171,0.345491204998325,False,921,176,0.01737242128121607,1.0,0.17502278942570648,1.0,0.0,0.0,0.0,0.0,False,29.19999999999996,145.9999999999998,146.0,116.80000000000001,1.0,4.4999999999999885,1.0,100.0,1105,200000
ffd,slack,ffd+slack,32,1.0,7,128,32.0,0.005132840000442229,0.22765556699960143,False,865,183,0.027745664739884393,1.0,0.19751908396946566,1.0,0.0,0.0,0.0,0.0,False,29.199999999999978,145.99999999999991,146.0,116.80000000000001,1.0,4.499999999999996,1.0,100.0,1056,200000
rl,rl,rl+rl,8,0.25,0,32,1.999925,0.020683221000581398,0.024085105000267504,True,196,38,0.0,0.0,0.0,1.0,1.0,1.0,1.0,4125.473684210527,True,2.7786542314049565,13.893271157024783,22.26446280991735,30.400000000000002,0.0,1.4866588946280992,0.43693375,65.0,295,200000
rl,rl,rl+rl,8,0.25,1,32,2.000075,0.05273546300122689,0.05870981100088102,True,198,41,0.0,0.0,0.0,1.0,1.0,1.0,1.0,4218.195121951219,True,2.7809279897153334,13.904639948576667,23.35831037649219,30.400000000000002,0.0,1.4880799935720848,0.453193125,65.0,303,200000
rl,rl,rl+rl,8,0.25,2,32,1.99997,0.0211717399997724,0.029925533999630716,True,169,50,0.0,0.0,0.0,1.0,1.0,1.0,1.0,4362.86,True,2.871658423507805,14.358292117539026,27.10853994490358,30.400000000000002,0.0,1.5447865146923776,0.488146875,63.75,293,200000
rl,rl,rl+rl,8,0.25,3,32,1.9999850000000001,0.04639749300076801,0.020647773000746383,True,182,32,0.0,0.0,0.0,1.0,1.0,1.0,1.0,3941.53125,True,2.691641871074381,13.458209355371904,22.47786960514233,30.400000000000002,0.0,1.4322761694214872,0.4208725,65.0,270,200000
rl,rl,rl+rl,8,0.25,4,32,1.99996,0.01963911399980134,0.02261890400041011,True,205,38,0.0,0.0,0.0,1.0,1.0,1.0,1.0,4176.9473684210525,True,2.8018272587695106,14.009136293847554,24.887052341597794,30.400000000000002,0.0,1.501142036730946,0.43943875000000004,65.0,305,200000
rl,rl,rl+rl,8,0.25,5,32,2.0,0.05550149200098531,0.06703039800049737,True,252,42,0.0,0.0,0.0,1.0,1.0,1.0,1.0,3466.9761904761904,True,2.780440302295685,13.902201511478426,23.509641873278234,30.400000000000002,0.0,1.4877751889348028,0.44138124999999995,65.0,360,200000
rl,rl,rl+rl,8,0.25,6,32,1.999955,0.026137987999391044,0.024583963000623044,True,189,41,0.0,0.0,0.0,1.0,1.0,1.0,1.0,3589.560975609756,True,2.8292665057851205,14.146332528925603,22.132231404958677,30.400000000000002,0.0,1.5182915661157024,0.437321875,65.0,295,200000
rl,rl,rl+rl,8,0.25,7,32,1.99993,0.05237952300012694,0.06106400200042117,True,230,41,0.0,0.0,0.0,1.0,1.0,1.0,1.0,3974.4146341463415,True,2.823435616161618,14.117178080808092,25.38402203856749,30.400000000000002,0.0,1.5146472601010104,0.442191875,65.0,337,200000
rl,rl,rl+rl,8,0.5,0,32,4.000055,0.05091273699872545,0.05692098699910275,True,196,38,0.0,0.0,0.0,1.0,1.0,1.0,1.0,4163.973684210527,True,4.440450810651975,22.202254053259878,30.132231404958677,30.400000000000002,0.0,2.525281756657484,0.6724606249999999,80.0,295,200000
rl,rl,rl+rl,8,0.5,1,32,4.000005,0.020811070000490872,0.025936404999811202,True,198,41,0.0,0.0,0.0,1.0,1.0,1.0,1.0,4691.268292682927,True,4.414854705968775,22.07427352984388,28.428650137741048,30.400000000000002,0.0,2.5092841912304866,0.694995,75.0,313,200000
rl,rl,rl+rl,8,0.5,2,32,3.999895,0.05452824799976952,0.07550757199896907,True,169,50,0.0,0.0,0.0,1.0,1.0,1.0,1.0,4839.28,True,4.55221661450873,22.761083072543652,30.3030303030303,30.400000000000002,0.0,2.595135384067952,0.72552125,75.0,292,200000
rl,rl,rl+rl,8,0.5,3,32,3.999975,0.053321437000704464,0.05254340699866589,True,182,32,0.0,0.0,0.0,1.0,1.0,1.0,1.0,3827.3125,True,4.246071966942149,21.230359834710747,29.10045913682277,30.400000000000002,0.0,2.403794979338843,0.682458125,75.0,270,200000
rl,rl,rl+rl,8,0.5,4,32,4.000015,0.019534854998710216,0.023331241000050795,True,205,38,0.0,0.0,0.0,1.0,1.0,1.0,1.0,3973.7631578947367,True,4.393077189348028,21.96538594674014,30.132231404958677,30.400000000000002,0.0,2.4956732433425146,0.69270375,75.0,305,200000
rl,rl,rl+rl,8,0.5,5,32,3.999915,0.02106851300050039,0.06523186800041003,True,252,42,0.0,0.0,0.0,1.0,1.0,1.0,1.0,3602.6190476190477,True,4.484294486685023,22.42147243342512,30.132231404958677,30.400000000000002,0.0,2.552684054178145,0.666736875,80.0,360,200000
rl,rl,rl+rl,8,0.5,6,32,4.000045,0.03450308700121241,0.03492101000119874,True,189,41,0.0,0.0,0.0,1.0,1.0,1.0,1.0,3749.121951219512,True,4.4053158813590425,22.026579406795214,28.754820936639117,30.400000000000002,0.0,2.5033224258494027,0.6934393750000001,75.0,295,200000
rl,rl,rl+rl,8,0.5,7,32,3.999975,0.022278327000094578,0.029927084000519244,True,230,41,0.0,0.0,0.0,1.0,1.0,1.0,1.0,4433.121951219512,True,4.3916942475665754,21.958471237832878,30.132231404958677,30.400000000000002,0.0,2.494808904729109,0.700214375,75.0,343,200000
rl,rl,rl+rl,8,0.75,0,32,5.999925,0.01961006700003054,0.02945273000113957,True,197,46,0.0,0.043478260869565216,0.00823045267489712,1.0,0.9863759540767326,0.9863759540767326,0.9863759540767326,5442.173913043478,True,5.810122967493116,29.05061483746558,30.23875114784206,30.400000000000002,0.0,3.381326854683196,0.971108125,86.25,324,200000
rl,rl,rl+rl,8,0.75,1,32,5.999975,0.022142101001008996,0.02762351999990642,True,198,41,0.0,0.0,0.0,1.0,1.0,1.0,1.0,3888.5853658536585,True,5.698903613223143,28.494518066115717,30.121212121212125,30.400000000000002,0.0,3.3118147582644646,0.956935,86.25,310,200000
rl,rl,rl+rl,8,0.75,2,32,5.999985,0.021370177000790136,0.031613799999831826,True,169,50,0.0,0.1,0.0228310502283105,1.0,0.9303739913553466,0.9303739913553466,0.9303739913553466,5487.104166666667,True,5.795618990266299,28.9780949513315,30.23875114784206,30.400000000000002,0.0,3.3722618689164365,0.99071375,85.0,297,200000
rl,rl,rl+rl,8,0.75,3,32,5.99992,0.02758836999964842,0.025163182999676792,True,196,40,0.0,0.025,0.00423728813559322,1.0,0.975,0.975,0.975,3843.769230769231,True,5.699627328190999,28.498136640955,30.356290174471994,30.400000000000002,0.0,3.312267080119378,0.9624581249999999,85.0,299,200000
rl,rl,rl+rl,8,0.75,4,32,5.999905,0.019988065001598443,0.025379757998962305,True,205,38,0.0,0.0,0.0,1.0,1.0,1.0,1.0,3988.4736842105262,True,5.724736024609729,28.62368012304865,30.00367309458219,30.400000000000002,0.0,3.3279600153810867,0.943395625,87.5,305,200000
rl,rl,rl+rl,8,0.75,5,32,5.999905,0.020667804001277545,0.04117410199978622,True,252,42,0.0,0.047619047619047616,0.006802721088435374,1.0,0.9833370952750278,0.9833370952750278,0.9833370952750278,4582.9047619047615,True,5.720434440771351,28.602172203856757,30.00367309458219,30.400000000000002,0.0,3.3252715254820955,0.9407712500000001,87.5,360,200000
rl,rl,rl+rl,8,0.75,6,32,5.999975,0.04871733900108666,0.059155233999263146,True,189,41,0.0,0.0,0.0,1.0,1.0,1.0,1.0,3983.8048780487807,True,5.734314570064284,28.67157285032142,30.00367309458219,30.400000000000002,0.0,3.333946606290176,0.9453987500000001,87.5,295,200000
rl,rl,rl+rl,8,0.75,7,32,5.999955,0.020123409000007086,0.028127632998803165,True,230,41,0.0,0.04878048780487805,0.007380073800738007,1.0,0.9585756472555116,0.9585756472555116,0.9585756472555116,4050.9,True,5.723617393939397,28.618086969696986,30.23875114784206,30.400000000000002,0.0,3.3272608712121228,0.95504625,86.25,335,200000
rl,rl,rl+rl,8,0.85,0,32,6.80019,0.020617815000150586,0.034819088999938685,True,197,46,0.0,0.8695652173913043,0.1646090534979424,0.9782608695652174,0.13043478260869565,0.13043478260869565,0.13333333333333333,23906.75,True,6.010712503213956,30.053562516069782,30.34747474747475,30.400000000000002,0.0,3.5066953145087236,0.9990187500000001,87.5,405,200000
rl,rl,rl+rl,8,0.85,1,32,6.800135,0.02049076200091804,0.029284443999131327,True,198,41,0.0,0.8292682926829268,0.14225941422594143,1.0,0.17073170731707318,0.17073170731707318,0.17073170731707318,16885.454545454544,True,6.033920384205693,30.16960192102847,30.23875114784206,30.400000000000002,0.0,3.521200240128558,0.9976425,87.5,274,200000
rl,rl,rl+rl,8,0.85,2,32,6.799925,0.019833868000205257,0.0374299119994248,True,169,50,0.0,0.88,0.2009132420091324,1.0,0.12,0.12,0.12,50953.63636363636,True,6.012101289990819,30.060506449954097,30.23875114784206,30.400000000000002,0.0,3.5075633062442617,0.999189375,87.5,408,200000
rl,rl,rl+rl,8,0.85,3,32,6.79992,0.02015391799977806,0.034007931000815006,True,196,40,0.0,0.825,0.13983050847457626,0.95,0.175,0.175,0.18421052631578946,26124.5,True,6.0327822725436215,30.16391136271811,30.34747474747475,30.400000000000002,0.0,3.5204889203397602,0.999085625,87.5,461,200000
rl,rl,rl+rl,8,0.85,4,32,6.799945,0.020754818999193958,0.029360444001213182,True,205,38,0.0,0.7105263157894737,0.1111111111111111,0.9736842105263158,0.2973145042238165,0.2973145042238165,0.3053500313650007,7651.538461538462,True,6.031991525436177,30.159957627180887,30.23875114784206,30.400000000000002,0.0,3.51999470339761,0.9970325,87.5,279,200000
rl,rl,rl+rl,8,0.85,5,32,6.799995,0.025584118999177008,0.04200449900054082,True,252,42,0.0,0.8809523809523809,0.12585034013605442,1.0,0.12565490993584638,0.12565490993584638,0.12565490993584638,36571.8,True,5.985743325252522,29.928716626262613,30.23875114784206,30.400000000000002,0.0,3.4910895782828293,0.99832125,87.5,542,200000
rl,rl,rl+rl,8,0.85,6,32,6.799975,0.020793404000869486,0.03161963599995943,True,189,41,0.0,0.7317073170731707,0.13043478260869565,1.0,0.2682926829268293,0.2682926829268293,0.2682926829268293,9070.25,True,6.0712145862258975,30.35607293112949,30.465013774104683,30.400000000000002,0.973955,3.544509116391184,0.9964850000000001,87.5,266,200000
rl,rl,rl+rl,8,0.85,7,32,6.7999,0.021643780999511364,0.028184636001242325,True,240,36,0.0,0.6666666666666666,0.08695652173913043,1.0,0.3333333333333333,0.3333333333333333,0.3333333333333333,3690.8333333333335,True,6.044763399081726,30.223816995408633,30.34747474747475,30.400000000000002,0.0,3.5279771244260796,0.995973125,87.5,312,200000
rl,rl,rl+rl,8,0.95,0,32,7.59985,0.02029212900015409,0.029902465999839478,True,197,46,0.0,0.8260869565217391,0.15637860082304528,0.8695652173913043,0.17391304347826086,0.17391304347826086,0.2,1509.625,True,7.114467507805324,35.57233753902663,35.64811753902663,30.400000000000002,0.995685,4.1965421923783275,0.997631875,96.25,275,200000
rl,rl,rl+rl,8,0.95,1,32,7.600015,0.020920979000948137,0.028269622000152594,True,198,41,0.0,0.6829268292682927,0.11715481171548117,0.926829268292683,0.3170731707317073,0.3170731707317073,0.34210526315789475,3882.8571428571427,True,7.248367801652887,36.24183900826444,36.35371900826446,30.400000000000002,0.99366,4.280229876033061,0.99650375,97.5,277,200000
rl,rl,rl+rl,8,0.95,2,32,7.599895,0.02219307999985176,0.03552804500031925,True,169,50,0.0,0.74,0.1689497716894977,0.94,0.26,0.26,0.2765957446808511,6148.071428571428,True,7.259431801652894,36.29715900826447,36.35371900826446,30.400000000000002,0.997385,4.287144876033059,0.9982325000000001,97.5,257,200000
rl,rl,rl+rl,8,0.95,3,32,7.59997,0.020998723000957398,0.02567625000119733,True,196,40,0.0,0.825,0.13983050847457626,0.95,0.175,0.175,0.18421052631578946,1478.5714285714287,True,7.14726403305785,35.73632016528925,35.87438016528925,30.400000000000002,0.99319,4.217040020661158,0.995685625,96.25,266,200000
rl,rl,rl+rl,8,0.95,4,32,7.600005,0.054630271000860375,0.06247297399931995,True,205,38,0.0,0.8421052631578947,0.13168724279835392,0.8947368421052632,0.15789473684210525,0.15789473684210525,0.17647058823529413,5234.857142857143,True,7.099843702479338,35.499218512396695,35.530578512396694,30.400000000000002,0.99837,4.187402314049586,0.99902,96.25,274,200000
rl,rl,rl+rl,8,0.95,5,32,7.6,0.02268815900060872,0.03358030900017184,True,252,42,0.0,0.9047619047619048,0.1292517006802721,0.9761904761904762,0.09523809523809523,0.09523809523809523,0.0975609756097561,33440.0,True,7.117765365656568,35.58882682828284,35.64811753902663,30.400000000000002,0.99499,4.198603353535357,0.99806125,96.25,326,200000
rl,rl,rl+rl,8,0.95,6,32,7.59995,0.021765468000012334,0.03562147099910362,True,222,49,0.0,0.8775510204081632,0.15867158671586715,0.9795918367346939,0.12244897959183673,0.12244897959183673,0.125,7357.142857142857,True,7.107111507805327,35.53555753902664,35.64811753902663,30.400000000000002,0.9962,4.191944692378329,0.9964824999999999,96.25,302,200000
rl,rl,rl+rl,8,0.95,7,32,7.59989,0.02074565399925632,0.03051012000105402,True,253,40,0.0,0.775,0.10580204778156997,0.95,0.22585043903006338,0.22585043903006338,0.237737304242172,4648.6,True,7.116871739210286,35.58435869605143,35.64811753902663,30.400000000000002,0.996295,4.198044837006425,0.99800625,96.25,327,200000
rl,rl,rl+rl,8,1.0,0,32,7.99993,0.02143347499986703,0.029844631000742083,False,197,46,0.01015228426395939,0.9782608695652174,0.1934156378600823,0.5652173913043478,0.021739130434782608,0.021739130434782608,0.038461538461538464,1065.0,False,7.592267999999996,37.961339999999986,38.0,30.400000000000002,0.997585,4.495167499999997,0.998791875,100.0,266,200000
rl,rl,rl+rl,8,1.0,1,32,7.999885,0.022728516998540726,0.028289924001001054,False,198,41,0.020202020202020204,0.926829268292683,0.17573221757322174,0.8048780487804879,0.07317073170731707,0.07317073170731707,0.09090909090909091,1222.6666666666667,False,7.584231999999997,37.92115999999999,38.0,30.400000000000002,0.993835,4.490144999999996,0.99753625,100.0,262,200000
rl,rl,rl+rl,8,1.0,2,32,7.999975,0.022347426998749143,0.03271213399966655,False,169,50,0.047337278106508875,0.96,0.2557077625570776,0.68,0.04,0.04,0.058823529411764705,1531.0,False,7.594927999999996,37.97463999999998,38.0,30.400000000000002,0.999605,4.49683,0.9992075,100.0,239,200000
rl,rl,rl+rl,8,1.0,3,32,7.999925,0.02353053499973612,0.029686554000363685,False,196,40,0.025510204081632654,0.9,0.17372881355932204,0.7,0.1,0.1,0.14285714285714285,1361.5,False,7.595655999999996,37.978279999999984,38.0,30.400000000000002,0.99971,4.497285000000004,0.9993212499999999,100.0,259,200000
rl,rl,rl+rl,8,1.0,4,32,8.000035,0.02220712999951502,0.026810545001353603,False,205,38,0.014634146341463415,0.9736842105263158,0.1646090534979424,0.8421052631578947,0.02631578947368421,0.02631578947368421,0.03125,48574.5,False,7.429167900826443,37.14583950413222,37.17685950413223,30.400000000000002,0.99695,4.393229938016529,0.9990306250000001,98.75,266,200000
rl,rl,rl+rl,8,1.0,5,32,7.9998949999999995,0.021236018001218326,0.032139757999175345,False,252,42,0.09126984126984126,0.9285714285714286,0.2108843537414966,0.8809523809523809,0.07142857142857142,0.07142857142857142,0.08108108108108109,1369.6666666666667,False,7.592343999999999,37.96172,38.0,30.400000000000002,0.99732,4.495214999999995,0.99880375,100.0,316,200000
rl,rl,rl+rl,8,1.0,6,32,7.999875,0.053358167000624235,0.08146562399997492,False,222,49,0.02702702702702703,1.0,0.2029520295202952,0.7551020408163265,0.0,0.0,0.0,16578.0,False,7.595599999999991,37.97799999999996,38.0,30.400000000000002,0.999085,4.497249999999998,0.9993125,100.0,293,200000
rl,rl,rl+rl,8,1.0,7,32,8.000045,0.0504747100003442,0.06273915500059957,False,253,40,0.007905138339920948,1.0,0.14334470989761092,0.75,0.0,0.0,0.0,0.0,False,7.597383999999996,37.986919999999984,38.0,30.400000000000002,0.99935,4.498365,0.9995912499999999,100.0,315,200000
rl,rl,rl+rl,16,0.25,0,64,3.99988,0.0423407189991849,0.06177538799965987,True,418,68,0.0,0.0,0.0,1.0,1.0,1.0,1.0,4119.5,True,4.829433285950412,24.147166429752062,42.95096418732782,59.2,0.0,1.3841979018595036,0.45376875000000005,62.5,580,200000
rl,rl,rl+rl,16,0.25,1,64,4.00008,0.04163234499901591,0.06610024700057693,True,397,81,0.0,0.0,0.0,1.0,1.0,1.0,1.0,3707.395061728395,True,5.035809849403125,25.179049247015627,42.54986225895316,59.2,0.0,1.4486905779384758,0.46508125,62.5,583,200000
rl,rl,rl+rl,16,0.25,2,64,4.000075,0.04613088699989021,0.09061809899867512,True,540,100,0.0,0.0,0.0,1.0,1.0,1.0,1.0,4034.75,True,5.215588076767677,26.07794038383839,42.95096418732782,59.2,0.0,1.5048712739898993,0.4875065625,62.5,763,200000
rl,rl,rl+rl,16,0.25,3,64,4.000085,0.04595614499885414,0.10743502800141869,True,420,78,0.0,0.0,0.0,1.0,1.0,1.0,1.0,3989.1153846153848,True,4.908599133149674,24.54299566574837,38.5289256198347,59.2,0.0,1.408937229109274,0.463135625,62.5,602,200000
rl,rl,rl+rl,16,0.25,4,64,3.99996,0.043093153999507194,0.0708626079995156,True,525,78,0.0,0.0,0.0,1.0,1.0,1.0,1.0,3569.474358974359,True,4.955111968411383,24.775559842056914,42.5289256198347,59.2,0.0,1.4234724901285583,0.456631875,62.5,704,200000
rl,rl,rl+rl,16,0.25,5,64,4.000055,0.10691565799970704,0.16906132900112425,True,420,93,0.0,0.0,0.0,1.0,1.0,1.0,1.0,4211.408602150537,True,5.159955791000916,25.799778955004584,46.39669421487603,59.2,0.0,1.4874861846877878,0.487995625,62.5,634,200000
rl,rl,rl+rl,16,0.25,6,64,3.99998,0.04199691000030725,0.0802843319997919,True,431,97,0.0,0.0,0.0,1.0,1.0,1.0,1.0,4108.577319587629,True,5.088828441505969,25.444142207529847,42.5289256198347,59.2,0.0,1.4652588879706154,0.48679281249999995,62.5,650,200000
rl,rl,rl+rl,16,0.25,7,64,3.99997,0.10111385900017922,0.14358183600052143,True,456,83,0.0,0.0,0.0,1.0,1.0,1.0,1.0,4018.7951807228915,True,4.964766397796143,24.823831988980714,40.27107438016528,59.2,0.0,1.4264894993112958,0.47057343749999997,62.5,645,200000
rl,rl,rl+rl,16,0.5,0,64,7.999885,0.10366914599944721,0.12562822500149196,True,418,68,0.0,0.0,0.0,1.0,1.0,1.0,1.0,4223.294117647059,True,8.196101114416894,40.980505572084475,56.13884297520661,59.2,0.0,2.4362815982552797,0.6838521875000001,75.0,578,200000
rl,rl,rl+rl,16,0.5,1,64,7.999945,0.04633963200103608,0.06818622200080426,True,397,81,0.0,0.0,0.0,1.0,1.0,1.0,1.0,3768.567901234568,True,8.37311955996327,41.86559779981635,56.15977961432507,59.2,0.0,2.49159986248852,0.698838125,75.0,583,200000
rl,rl,rl+rl,16,0.5,2,64,7.99995,0.042301157000110834,0.08601409600123588,True,540,100,0.0,0.0,0.0,1.0,1.0,1.0,1.0,4140.13,True,8.627069941597789,43.13534970798895,56.560881542699725,59.2,0.0,2.5709593567493134,0.7115803125000001,75.0,768,200000
rl,rl,rl+rl,16,0.5,3,64,8.00006,0.045786172999214614,0.0646199130005698,True,420,78,0.0,0.0,0.0,1.0,1.0,1.0,1.0,3998.2948717948716,True,8.311833484297535,41.55916742148768,55.24077134986226,59.2,0.0,2.4724479638429764,0.6887987499999999,75.0,602,200000
rl,rl,rl+rl,16,0.5,4,64,7.999765,0.1003122460006125,0.14500192800005607,True,525,78,0.0,0.0,0.0,1.0,1.0,1.0,1.0,3466.551282051282,True,8.344813288888902,41.72406644444452,58.264462809917354,59.2,0.0,2.4827541527777766,0.6838471875000001,75.0,708,200000
rl,rl,rl+rl,16,0.5,5,64,7.999855,0.04495681599837553,0.0837630200003332,True,420,93,0.0,0.0,0.0,1.0,1.0,1.0,1.0,4227.94623655914,True,8.55153816161617,42.75769080808085,58.264462809917354,59.2,0.0,2.5473556755050506,0.714744375,75.0,637,200000
rl,rl,rl+rl,16,0.5,6,64,7.999915,0.04315449099885882,0.08418109600097523,True,431,97,0.0,0.0,0.0,1.0,1.0,1.0,1.0,4252.134020618557,True,8.440810881175377,42.20405440587689,53.441322314049586,59.2,0.0,2.5127534003673104,0.7152690625,74.375,659,200000
rl,rl,rl+rl,16,0.5,7,64,8.000145,0.04575173099874519,0.07783087999996496,True,456,83,0.0,0.0,0.0,1.0,1.0,1.0,1.0,3805.120481927711,True,8.386181188613412,41.93090594306706,55.509641873278234,59.2,0.0,2.495681621441689,0.6942271875,75.0,643,200000
rl,rl,rl+rl,16,0.75,0,64,12.000125,0.10289840100085712,0.15170686499914154,True,490,73,0.0,0.0136986301369863,0.0017761989342806395,1.0,0.9863013698630136,0.9863013698630136,0.9863013698630136,3797.222222222222,True,10.916626328741964,54.58313164370983,58.71258034894399,59.2,0.0,3.2864457277318646,0.95750625,85.0,660,200000
rl,rl,rl+rl,16,0.75,1,64,11.99981,0.04378201100007573,0.07131320100052108,True,397,81,0.0,0.024691358024691357,0.0041841004184100415,1.0,0.9873000520930096,0.9873000520930096,0.9873000520930096,4227.259259259259,True,11.11569662001837,55.57848310009186,59.06556473829202,59.2,0.0,3.348655193755741,0.944614375,86.875,602,200000
rl,rl,rl+rl,16,0.75,2,64,12.00016,0.04376188200149045,0.10453640900050232,True,540,100,0.0,0.05,0.0078125,1.0,0.962926786048445,0.962926786048445,0.962926786048445,4451.510204081633,True,11.350526135169874,56.752630675849375,59.06556473829202,59.2,0.0,3.4220394172405872,0.9605215625,87.5,778,200000
rl,rl,rl+rl,16,0.75,3,64,12.00003,0.04154636999919603,0.07408769699941331,True,456,83,0.0,0.0,0.0,1.0,1.0,1.0,1.0,3342.240963855422,True,11.101611745454537,55.50805872727269,58.83048668503214,59.2,0.0,3.344253670454548,0.9342415625,88.125,643,200000
rl,rl,rl+rl,16,0.75,4,64,11.999915,0.045803406999766594,0.08096769900112122,True,525,78,0.0,0.0,0.0,1.0,1.0,1.0,1.0,3445.0897435897436,True,11.006601852708908,55.03300926354454,59.18310376492195,59.2,0.0,3.3145630789715335,0.9455053124999999,86.25,726,200000
rl,rl,rl+rl,16,0.75,5,64,12.00013,0.04309644400018442,0.08382510699993873,True,503,88,0.0,0.03409090909090909,0.005076142131979695,1.0,0.9906034600336007,0.9906034600336007,0.9906034600336007,4469.090909090909,True,11.259836232506888,56.299181162534445,58.83048668503214,59.2,0.0,3.393698822658401,0.9485334375,88.125,700,200000
rl,rl,rl+rl,16,0.75,6,64,11.999955,0.04371765199903166,0.08621169199977885,True,431,97,0.0,0.020618556701030927,0.003787878787878788,1.0,0.9805641272374734,0.9805641272374734,0.9805641272374734,4548.515463917526,True,11.271875014141408,56.359375070707046,59.06556473829202,59.2,0.0,3.397460941919193,0.9552425,87.5,648,200000
rl,rl,rl+rl,16,0.75,7,64,12.00004,0.10077213600015966,0.15921068799980276,True,456,83,0.0,0.012048192771084338,0.0018552875695732839,1.0,0.9879518072289156,0.9879518072289156,0.9879518072289156,3491.939024390244,True,11.108752704499539,55.5437635224977,58.94802571166208,59.2,0.0,3.3464852201561084,0.9406190625,87.5,648,200000
rl,rl,rl+rl,16,0.85,0,64,13.599965000000001,0.10644138699899486,0.21803438599999936,True,423,79,0.0,0.759493670886076,0.11952191235059761,0.9873417721518988,0.24271815641205743,0.24271815641205743,0.24582992764810946,18995.0,True,11.720620875665778,58.603104378328894,59.18310376492195,59.2,0.0,3.537694023645547,0.9980828125,88.125,1026,200000
rl,rl,rl+rl,16,0.85,1,64,13.59996,0.10623637299977418,0.19228183499944862,True,397,81,0.0,0.7901234567901234,0.13389121338912133,0.9876543209876543,0.2143717950594515,0.2143717950594515,0.21705144249769465,20020.909090909092,True,11.685679555188274,58.42839777594138,59.18310376492195,59.2,0.0,3.5267748609963236,0.9984078125,87.5,873,200000
rl,rl,rl+rl,16,0.85,2,64,13.599925,0.04350272599913296,0.17345820199989248,True,540,100,0.0,0.89,0.1390625,1.0,0.1146156584148752,0.1146156584148752,0.1146156584148752,41829.458333333336,True,11.682965282644712,58.414826413223565,59.18310376492195,59.2,0.0,3.5259266508264435,0.9996521875,88.125,1440,200000
rl,rl,rl+rl,16,0.85,3,64,13.599895,0.04234354399886797,0.17153365699959977,True,562,100,0.0,0.87,0.13141993957703926,0.99,0.13,0.13,0.13131313131313133,24945.434782608696,True,11.6973147706152,58.48657385307601,59.18310376492195,59.2,0.0,3.5304108658172644,0.9997253125000001,87.5,1568,200000
rl,rl,rl+rl,16,0.85,4,64,13.59974,0.04721285599953262,0.14015579399892886,True,368,86,0.0,0.8837209302325582,0.16740088105726872,1.0,0.11691359964983351,0.11691359964983351,0.11691359964983351,50021.739130434784,True,11.674109539026665,58.370547695133325,59.06556473829202,59.2,0.0,3.523159230945815,0.9994609375,88.125,1155,200000
rl,rl,rl+rl,16,0.85,5,64,13.59974,0.10479403099998308,0.3271121449997736,True,480,96,0.0,0.8958333333333334,0.14930555555555555,1.0,0.10416666666666667,0.10416666666666667,0.10416666666666667,44395.17391304348,True,11.716949374104825,58.58474687052413,59.18310376492195,59.2,0.0,3.5365466794077003,0.9994212499999999,88.125,1822,200000
rl,rl,rl+rl,16,0.85,6,64,13.600085,0.04748097699848586,0.16875998599971354,True,526,93,0.0,0.8602150537634409,0.12924071082390953,0.989247311827957,0.13978494623655913,0.13978494623655913,0.14130434782608695,36131.69565217391,True,11.714911923232338,58.57455961616169,59.038751147842056,59.2,0.0,3.5359099760100925,0.9986165625,87.5,1468,200000
rl,rl,rl+rl,16,0.85,7,64,13.600075,0.04508630700001959,0.15296582900009525,True,466,94,0.0,0.9148936170212766,0.15357142857142858,0.9893617021276596,0.08968736982918375,0.08968736982918375,0.09065175014992767,41430.333333333336,True,11.674278492562024,58.37139246281013,59.18310376492195,59.2,0.0,3.5232120289256224,0.9984896875,86.875,1483,200000
rl,rl,rl+rl,16,0.95,0,64,15.20006,0.0453566790001787,0.07439172399972449,True,423,79,0.0,0.810126582278481,0.12749003984063745,0.9873417721518988,0.189873417721519,0.189873417721519,0.19230769230769232,1820.9333333333334,True,13.869690244995402,69.34845122497701,69.52249770431588,59.2,0.992975,4.209278201561064,0.9972218749999999,96.25,541,200000
rl,rl,rl+rl,16,0.95,1,64,15.200085,0.10592708600051992,0.15321120500084362,True,397,81,0.0,0.9259259259259259,0.15690376569037656,0.9629629629629629,0.07407407407407407,0.07407407407407407,0.07692307692307693,1536.8333333333333,True,13.691475636363627,68.45737818181814,68.58181818181818,59.2,0.99463,4.153586136363633,0.9980556249999999,95.625,508,200000
rl,rl,rl+rl,16,0.95,2,64,15.19998,0.10591677299998992,0.19415593300072942,True,540,100,0.0,0.96,0.15,0.99,0.04,0.04,0.04040404040404041,19428.4,True,13.700654721763092,68.50327360881546,68.59063360881542,59.2,0.996735,4.1564546005509655,0.998635,95.625,667,200000
rl,rl,rl+rl,16,0.95,3,64,15.199885,0.04488404299991089,0.10350178299995605,True,562,100,0.0,0.96,0.14501510574018128,0.96,0.04,0.04,0.041666666666666664,1622.0,True,13.646190241689647,68.23095120844825,68.35555555555555,59.2,0.99435,4.13943445052801,0.9980065625,95.625,689,200000
rl,rl,rl+rl,16,0.95,4,64,15.200075,0.047733573001096374,0.07997712600081286,True,368,86,0.0,0.9302325581395349,0.1762114537444934,0.9651162790697675,0.06976744186046512,0.06976744186046512,0.07228915662650602,1388.0,True,13.699522721763094,68.49761360881547,68.59063360881542,59.2,0.99675,4.156100850550961,0.9985465625000001,95.625,484,200000
rl,rl,rl+rl,16,0.95,5,64,15.20028,0.10254170600092039,0.17729379600132233,True,480,96,0.0,0.8229166666666666,0.1371527777777778,1.0,0.17708333333333334,0.17708333333333334,0.17708333333333334,1755.4705882352941,True,13.848267735537194,69.24133867768597,69.40495867768595,59.2,0.99738,4.202583667355372,0.9974434375000001,96.25,617,200000
rl,rl,rl+rl,16,0.95,6,64,15.200145,0.04286852000041108,0.08932403300059377,True,526,93,0.0,0.956989247311828,0.14378029079159935,0.989247311827957,0.043010752688172046,0.043010752688172046,0.043478260869565216,29617.4,True,13.693937306887067,68.46968653443534,68.59063360881542,59.2,0.99558,4.154355408402199,0.998031875,95.625,647,200000
rl,rl,rl+rl,16,0.95,7,64,15.200185,0.04323959099929198,0.0870911950005393,True,466,94,0.0,0.8297872340425532,0.1392857142857143,0.9893617021276596,0.1702127659574468,0.1702127659574468,0.17204301075268819,1522.6875,True,13.84499482093665,69.22497410468326,69.4137741046832,59.2,0.994265,4.2015608815427,0.99705,96.25,600,200000
rl,rl,rl+rl,16,1.0,0,64,15.9999,0.04491344100097194,0.0843623969994951,False,469,79,0.021321961620469083,1.0,0.1624087591240876,0.8354430379746836,0.0,0.0,0.0,12770.0,False,14.796192000000007,73.98096000000004,74.0,59.2,1.0,4.498809999999995,0.9997024999999999,100.0,564,200000
rl,rl,rl+rl,16,1.0,1,64,16.0001,0.04628133100050036,0.07965402800073207,False,397,81,0.020151133501259445,0.9629629629629629,0.1799163179916318,0.9012345679012346,0.037037037037037035,0.037037037037037035,0.0410958904109589,1428.0,False,14.788059999999998,73.9403,74.0,59.2,0.99823,4.4962687500000005,0.9990671874999999,100.0,500,200000
rl,rl,rl+rl,16,1.0,2,64,16.000125,0.10484278600051766,0.21986123399983626,False,540,100,0.025925925925925925,0.97,0.1734375,0.92,0.03,0.03,0.03260869565217391,1159.6666666666667,False,14.797699999999999,73.9885,74.0,59.2,1.0,4.499281250000001,0.9998203125,100.0,659,200000
rl,rl,rl+rl,16,1.0,3,64,15.999905,0.10539997900013987,0.21068625600128144,False,562,100,0.03202846975088968,0.95,0.17069486404833836,0.82,0.05,0.05,0.06097560975609756,1377.8,False,14.789192000000007,73.94596000000004,74.0,59.2,1.0,4.4966225,0.999155625,100.0,678,200000
rl,rl,rl+rl,16,1.0,4,64,15.99989,0.04520695400060504,0.07978920999994443,False,368,86,0.02717391304347826,1.0,0.21145374449339208,0.8837209302325582,0.0,0.0,0.0,0.0,False,14.791891999999988,73.95945999999995,74.0,59.2,0.99945,4.497466249999997,0.9993665624999999,100.0,470,200000
rl,rl,rl+rl,16,1.0,5,64,15.999865,0.04334510899934685,0.09784822599976906,False,530,94,0.03773584905660377,0.925531914893617,0.17147435897435898,0.7872340425531915,0.07446808510638298,0.07446808510638298,0.0945945945945946,1783.142857142857,False,14.800000000000011,74.00000000000006,74.0,59.2,1.0,4.499999999999996,1.0,100.0,644,200000
rl,rl,rl+rl,16,1.0,6,64,16.0,0.041714398001204245,0.09394669999892358,False,428,95,0.02570093457943925,0.9894736842105263,0.20076481835564053,0.8315789473684211,0.010526315789473684,0.010526315789473684,0.012658227848101266,1187.0,False,14.799140000000012,73.99570000000007,74.0,59.2,1.0,4.499731249999994,0.9999328125,100.0,538,200000
rl,rl,rl+rl,16,1.0,7,64,16.00014,0.0422795499998756,0.10004642700005206,False,466,94,0.02145922746781116,0.9893617021276596,0.18392857142857144,0.8617021276595744,0.010638297872340425,0.010638297872340425,0.012345679012345678,1219.0,False,14.789659999999987,73.94829999999995,74.0,59.2,1.0,4.496768749999997,0.9991921875,100.0,576,200000
rl,rl,rl+rl,32,0.25,0,128,7.99995,0.20909508700060542,0.414591462998942,True,892,173,0.0,0.0,0.0,1.0,1.0,1.0,1.0,4250.526011560693,True,9.718249584205694,48.591247921028476,77.81891643709825,116.80000000000001,0.0,1.45597649753214,0.47495359375,62.5,1269,200000
rl,rl,rl+rl,32,0.25,1,128,8.000105,0.09044739700038917,0.22625081299884187,True,814,191,0.0,0.0,0.0,1.0,1.0,1.0,1.0,3940.973821989529,True,9.918317040587707,49.59158520293854,76.1090909090909,116.80000000000001,0.0,1.4872370375918262,0.47890171875,62.5,1216,200000
rl,rl,rl+rl,32,0.25,2,128,7.99981,0.20682352500080015,0.4997563090000767,True,872,218,0.0,0.0,0.0,1.0,1.0,1.0,1.0,4124.908256880734,True,10.199458382369144,50.99729191184573,81.53535353535352,116.80000000000001,0.0,1.5311653722451783,0.49748828125,62.5,1327,200000
rl,rl,rl+rl,32,0.25,3,128,7.999775,0.09650167200015858,0.22765211499972793,True,958,174,0.0,0.0,0.0,1.0,1.0,1.0,1.0,4157.517241379311,True,9.537792247933876,47.68896123966938,75.76528925619834,116.80000000000001,0.0,1.427780038739669,0.48188343749999996,62.5,1332,200000
rl,rl,rl+rl,32,0.25,4,128,8.000045,0.0900207609993231,0.21637679399827903,True,901,167,0.0,0.0,0.0,1.0,1.0,1.0,1.0,4099.856287425149,True,9.4696575610652,47.348287805326,77.96584022038566,116.80000000000001,0.0,1.4171339939164376,0.48375765625,62.1875,1261,200000
rl,rl,rl+rl,32,0.25,5,128,8.000115,0.08410635899963381,0.23104373199930706,True,984,181,0.0,0.0,0.0,1.0,1.0,1.0,1.0,3868.3977900552486,True,9.806757864095504,49.033789320477524,79.0578512396694,116.80000000000001,0.0,1.4698059162649204,0.47341390625,62.5,1366,200000
rl,rl,rl+rl,32,0.25,6,128,7.999895,0.20608151299893507,0.43502591400101664,True,978,179,0.0,0.0,0.0,1.0,1.0,1.0,1.0,4245.139664804469,True,9.719029973921016,48.59514986960508,78.73168044077134,116.80000000000001,0.0,1.4560984334251605,0.48513,62.5,1362,200000
rl,rl,rl+rl,32,0.25,7,128,8.00013,0.08326718600073946,0.20126248999986274,True,849,171,0.0,0.0,0.0,1.0,1.0,1.0,1.0,4268.3450292397665,True,9.65851867291093,48.292593364554655,84.53112947658401,116.80000000000001,0.0,1.4466435426423323,0.47311765625,62.5,1220,200000
rl,rl,rl+rl,32,0.5,0,128,15.999905,0.2063246710004023,0.4179691420013114,True,892,173,0.0,0.0,0.0,1.0,1.0,1.0,1.0,4106.705202312139,True,16.310623439485795,81.55311719742897,100.53553719008264,116.80000000000001,0.0,2.4860349124196497,0.7133890625000001,73.75,1275,200000
rl,rl,rl+rl,32,0.5,1,128,15.999985,0.08361343700016732,0.24204413299958105,True,814,191,0.0,0.0,0.0,1.0,1.0,1.0,1.0,3825.7068062827225,True,16.523978396326907,82.61989198163454,106.66115702479338,116.80000000000001,0.0,2.5193716244260767,0.716385,73.75,1224,200000
rl,rl,rl+rl,32,0.5,2,128,16.000145,0.20832402099949832,0.5534616990007635,True,872,218,0.0,0.0045871559633027525,0.0009174311926605505,1.0,0.9954128440366973,0.9954128440366973,0.9954128440366973,4082.179723502304,True,16.798433163269078,83.99216581634539,111.76124885215793,116.80000000000001,0.0,2.562255181760784,0.73576546875,73.75,1333,200000
rl,rl,rl+rl,32,0.5,3,128,15.999915,0.20795784300025844,0.4434573110011115,True,958,174,0.0,0.005747126436781609,0.0008833922261484099,1.0,0.9942528735632183,0.9942528735632183,0.9942528735632183,4169.329479768786,True,16.21216083085401,81.06080415427006,108.67401285583104,116.80000000000001,0.0,2.4706501298209322,0.7150553125000001,73.75,1354,200000
rl,rl,rl+rl,32,0.5,4,128,15.99993,0.09158849099912914,0.21906904999923427,True,901,167,0.0,0.0,0.0,1.0,1.0,1.0,1.0,4104.419161676647,True,16.23158466372821,81.15792331864105,103.0831955922865,116.80000000000001,0.0,2.4736851037075276,0.7136434375,73.75,1261,200000
rl,rl,rl+rl,32,0.5,5,128,15.999755,0.09484909000093467,0.3197653299994272,True,984,181,0.0,0.0055248618784530384,0.0008583690987124463,1.0,0.994475138121547,0.994475138121547,0.994475138121547,3952.2,True,16.436378860606073,82.18189430303038,101.8380165289256,116.80000000000001,0.0,2.505684196969696,0.70988984375,73.75,1377,200000
rl,rl,rl+rl,32,0.5,6,128,15.999805,0.09106454600077996,0.2555328690013994,True,978,179,0.0,0.0,0.0,1.0,1.0,1.0,1.0,4168.91061452514,True,16.41559130137741,82.07795650688706,102.69972451790633,116.80000000000001,0.0,2.5024361408402185,0.7171342187499999,73.75,1355,200000
rl,rl,rl+rl,32,0.5,7,128,15.999895,0.08488580000084767,0.2100763479993475,True,849,171,0.0,0.005847953216374269,0.000980392156862745,1.0,0.9941520467836257,0.9941520467836257,0.9941520467836257,4340.664705882353,True,16.21863232396694,81.0931616198347,102.10872359963268,116.80000000000001,0.0,2.4716613006198305,0.7137271875,73.75,1211,200000
rl,rl,rl+rl,32,0.75,0,128,24.00001,0.08653492900157289,0.250658872000713,True,965,177,0.0,0.01694915254237288,0.002626970227670753,1.0,0.9830508474576272,0.9830508474576272,0.9830508474576272,3786.12,True,21.847833418181846,109.23916709090923,116.48374655647383,116.80000000000001,0.0,3.3512239715909073,0.9577620312499999,85.9375,1359,200000
rl,rl,rl+rl,32,0.75,1,128,23.99989,0.08893582400014566,0.24457635100043262,True,814,191,0.0,0.020942408376963352,0.003980099502487562,1.0,0.9801145001603585,0.9801145001603585,0.9801145001603585,3538.574468085106,True,22.121116869054195,110.60558434527098,116.71919191919193,116.80000000000001,0.0,3.3939245107897147,0.95718484375,86.875,1249,200000
rl,rl,rl+rl,32,0.75,2,128,24.00014,0.2111727579995204,0.5937859370005754,True,872,218,0.0,0.05963302752293578,0.011926605504587157,1.0,0.9500872007182403,0.9500872007182403,0.9500872007182403,4601.18009478673,True,22.30294297630858,111.5147148815429,116.71919191919193,116.80000000000001,0.0,3.4223348400482014,0.97615828125,86.25,1634,200000
rl,rl,rl+rl,32,0.75,3,128,23.99996,0.08993393299897434,0.228033838000556,True,895,164,0.0,0.012195121951219513,0.0018885741265344666,1.0,0.9878048780487805,0.9878048780487805,0.9878048780487805,3686.705521472393,True,21.899619990449953,109.49809995224977,116.60165289256199,116.80000000000001,0.0,3.3593156235077997,0.93921953125,87.5,1324,200000
rl,rl,rl+rl,32,0.75,4,128,23.999975,0.09106692800014571,0.24265077999916684,True,941,173,0.0,0.017341040462427744,0.0026929982046678637,1.0,0.9896036776086368,0.9896036776086368,0.9896036776086368,3770.1686046511627,True,21.982700051423326,109.91350025711664,116.71919191919193,116.80000000000001,0.0,3.3722968830348923,0.954889375,86.5625,1383,200000
rl,rl,rl+rl,32,0.75,5,128,24.000235,0.09460543099885399,0.29051229800097644,True,941,192,0.0,0.020833333333333332,0.00353045013239188,1.0,0.9817230799938189,0.9817230799938189,0.9817230799938189,4244.429319371728,True,22.158955306519722,110.79477653259862,116.48374655647383,116.80000000000001,0.0,3.399836766643705,0.9656435937500001,86.25,1392,200000
rl,rl,rl+rl,32,0.75,6,128,24.000015,0.10178439399896888,0.4573648650002724,True,978,179,0.0,0.0223463687150838,0.003457216940363008,1.0,0.9875113285443223,0.9875113285443223,0.9875113285443223,3902.54802259887,True,22.029304525252495,110.14652262626248,116.3662075298439,116.80000000000001,0.0,3.379578832070706,0.9569934375,86.5625,1376,200000
rl,rl,rl+rl,32,0.75,7,128,24.00001,0.20489481399999931,0.3884810599993216,True,849,171,0.0,0.011695906432748537,0.00196078431372549,1.0,0.9883040935672515,0.9883040935672515,0.9883040935672515,3585.1941176470586,True,21.92049493370062,109.6024746685031,116.71919191919193,116.80000000000001,0.0,3.3625773333907243,0.94755515625,86.875,1213,200000
rl,rl,rl+rl,32,0.85,0,128,27.199775,0.2042582370013406,1.0874781319998874,True,985,173,0.0,0.8554913294797688,0.12780656303972365,1.0,0.15503167037083626,0.15503167037083626,0.15503167037083626,34433.019230769234,True,23.078990025711803,115.39495012855903,116.71000918273646,116.80000000000001,0.0,3.5435921915174227,0.99896671875,87.8125,4396,200000
rl,rl,rl+rl,32,0.85,1,128,27.200135,0.08763106399965181,0.618724628999189,True,961,173,0.0,0.7861271676300579,0.11992945326278659,0.9942196531791907,0.22576308406189874,0.22576308406189874,0.22707566013202607,23798.545454545456,True,23.141438833792066,115.70719416896034,116.70119375573921,116.80000000000001,0.0,3.5533498177800373,0.9992895312500001,87.8125,4247,200000
rl,rl,rl+rl,32,0.85,2,128,27.19998,0.14781057399886777,0.9615383709988237,True,872,218,0.0,0.8944954128440367,0.17889908256880735,1.0,0.11195962053201272,0.11195962053201272,0.11195962053201272,49285.604166666664,True,23.083117095317405,115.41558547658704,116.56565656565657,116.80000000000001,0.0,3.544237046143222,0.99726203125,87.8125,4789,200000
rl,rl,rl+rl,32,0.85,3,128,27.19976,0.08777719099998649,0.6783805610011768,True,1024,159,0.0,0.8616352201257862,0.1158072696534235,0.9937106918238994,0.16291471787304054,0.16291471787304054,0.16394582368236357,43991.96153846154,True,23.061772370248153,115.30886185124078,116.71000918273646,116.80000000000001,0.0,3.5409019328511833,0.99878046875,87.8125,4935,200000
rl,rl,rl+rl,32,0.85,4,128,27.200045,0.21214072200018563,0.9803356800002803,True,830,170,0.0,0.8764705882352941,0.149,0.9941176470588236,0.12852008741808582,0.12852008741808582,0.12928056130813365,42359.77777777778,True,22.99766786482971,114.98833932414857,116.70119375573921,116.80000000000001,0.0,3.5308856038796907,0.9988818749999999,86.875,4418,200000
rl,rl,rl+rl,32,0.85,5,128,27.199915,0.09244195800056332,0.5109371779999492,True,922,161,0.0,0.8198757763975155,0.12188365650969529,1.0,0.18829389499896498,0.18829389499896498,0.18829389499896498,38299.218181818185,True,23.00369589421488,115.0184794710744,116.71000918273646,116.80000000000001,0.0,3.5318274834710555,0.9986946875,87.5,3443,200000
rl,rl,rl+rl,32,0.85,6,128,27.19974,0.21119230199838057,0.9959907600004954,True,900,165,0.0,0.8909090909090909,0.13802816901408452,0.9939393939393939,0.1175956864725584,0.1175956864725584,0.11831273334129351,46864.67391304348,True,22.962879011937034,114.81439505968518,116.48374655647383,116.80000000000001,0.0,3.5254498456152055,0.9992393749999999,86.875,4349,200000
rl,rl,rl+rl,32,0.85,7,128,27.199855,0.08860993999951461,0.5678839030006202,True,894,176,0.0,0.8806818181818182,0.14485981308411214,0.9886363636363636,0.12610002689572777,0.12610002689572777,0.1275494524922304,39796.1320754717,True,22.94976386703362,114.74881933516811,116.58365472910928,116.80000000000001,0.0,3.5234006042240225,0.99939546875,87.1875,4143,200000
rl,rl,rl+rl,32,0.95,0,128,30.40008,0.0924774110008002,0.24096486300004472,True,1050,141,0.0,0.8226950354609929,0.09739714525608732,0.9929078014184397,0.1773049645390071,0.1773049645390071,0.17857142857142858,3154.076923076923,True,27.14118645730031,135.70593228650156,135.9955922865014,116.80000000000001,0.99519,4.17831038395316,0.99773703125,95.9375,1238,200000
rl,rl,rl+rl,32,0.95,1,128,30.400005,0.18074658199839178,0.49571855400063214,True,988,181,0.0,0.8950276243093923,0.13857998289136014,0.988950276243094,0.10497237569060773,0.10497237569060773,0.10614525139664804,2509.95,True,27.101794166758538,135.5089708337927,135.76932966023875,116.80000000000001,0.995345,4.172155338556004,0.9979367187499999,95.9375,1210,200000
rl,rl,rl+rl,32,0.95,2,128,30.400075,0.10267735100023856,0.28218861000095785,True,895,197,0.0,0.9390862944162437,0.16941391941391942,1.0,0.06091370558375635,0.06091370558375635,0.06091370558375635,1329.4166666666667,True,27.03389396877871,135.16946984389355,135.40752984389349,116.80000000000001,0.9971,4.16154593262167,0.9981401562500001,95.625,1125,200000
rl,rl,rl+rl,32,0.95,3,128,30.400095,0.20289614300054382,0.4434497750007722,True,1024,159,0.0,0.9245283018867925,0.1242603550295858,0.9937106918238994,0.07547169811320754,0.07547169811320754,0.0759493670886076,1549.75,True,26.938795875849415,134.69397937924708,134.946189164371,116.80000000000001,0.9946,4.146686855601464,0.9980234375,95.625,1216,200000
rl,rl,rl+rl,32,0.95,4,128,30.399855,0.08872373500162212,0.23986964799951238,True,847,158,0.0,0.8607594936708861,0.13532338308457711,0.9746835443037974,0.13924050632911392,0.13924050632911392,0.14285714285714285,5618.416666666667,True,27.127781984940306,135.63890992470155,135.76932966023875,116.80000000000001,0.9971,4.17621593514692,0.9989465625,95.9375,1051,200000
rl,rl,rl+rl,32,0.95,5,128,30.399815,0.08989332199962519,0.19561442799931683,True,921,145,0.0,0.8620689655172413,0.11726078799249531,0.993103448275862,0.13793103448275862,0.13793103448275862,0.1388888888888889,10235.454545454546,True,27.133233737373775,135.6661686868689,135.8868686868687,116.80000000000001,0.99619,4.1770677714646425,0.9982757812499999,95.9375,1103,200000
rl,rl,rl+rl,32,0.95,6,128,30.3998,0.08765531100107182,0.24315645600108837,True,921,176,0.0,1.0,0.16043755697356427,0.9886363636363636,0.0,0.0,0.0,0.0,True,26.784538751882497,133.9226937594125,134.12304866850323,116.80000000000001,0.99647,4.1225841799816285,0.9984021875,95.3125,1117,200000
rl,rl,rl+rl,32,0.95,7,128,30.40008,0.09144304700021166,0.2566642759993556,True,894,176,0.0,0.9886363636363636,0.16261682242990655,0.9886363636363636,0.011363636363636364,0.011363636363636364,0.011494252873563218,17000.0,True,26.84244934435259,134.21224672176297,134.35812672176309,116.80000000000001,0.99643,4.131632710055089,0.9988603125,95.3125,1095,200000
rl,rl,rl+rl,32,1.0,0,128,31.99985,0.0865173819984193,0.25801814000078593,False,936,165,0.018162393162393164,1.0,0.16530426884650318,0.8909090909090909,0.0,0.0,0.0,0.0,False,29.19091200000002,145.9545600000001,146.0,116.80000000000001,1.0,4.498579999999993,0.999645,100.0,1111,200000
rl,rl,rl+rl,32,1.0,1,128,31.999985,0.1327105020009185,0.30299830800140626,False,977,182,0.0368474923234391,0.967032967032967,0.182916307161346,0.945054945054945,0.03296703296703297,0.03296703296703297,0.03488372093023256,1288.8333333333333,False,29.179212000000003,145.89606000000003,146.0,116.80000000000001,0.99979,4.49675187499999,0.99918796875,100.0,1168,200000
rl,rl,rl+rl,32,1.0,2,128,32.00023,0.08699378600067575,0.2622650679986691,False,813,189,0.028290282902829027,0.9894179894179894,0.20958083832335328,0.9365079365079365,0.010582010582010581,0.010582010582010581,0.011299435028248588,1153.0,False,29.19006799999996,145.9503399999998,146.0,116.80000000000001,1.0,4.498448124999995,0.99961203125,100.0,1010,200000
rl,rl,rl+rl,32,1.0,3,128,31.999935,0.09142048499961675,0.2886720369988325,False,925,180,0.021621621621621623,0.9888888888888889,0.17918552036199095,0.9444444444444444,0.011111111111111112,0.011111111111111112,0.011764705882352941,1101.5,False,29.191071999999988,145.95535999999996,146.0,116.80000000000001,1.0,4.498604999999997,0.99965125,100.0,1103,200000
rl,rl,rl+rl,32,1.0,4,128,31.99995,0.20514539600117132,0.24191606400017918,False,847,158,0.024793388429752067,0.9683544303797469,0.17313432835820897,0.9240506329113924,0.03164556962025317,0.03164556962025317,0.03424657534246575,1166.2,False,29.19108799999999,145.95543999999995,146.0,116.80000000000001,1.0,4.498607499999993,0.9996518750000001,100.0,1013,200000
rl,rl,rl+rl,32,1.0,5,128,31.99998,0.08797583699924871,0.24230440000064846,False,921,145,0.02062975027144408,1.0,0.15384615384615385,0.9310344827586207,0.0,0.0,0.0,0.0,False,29.185924000000007,145.92962000000006,146.0,116.80000000000001,1.0,4.497800625000003,0.99945015625,100.0,1073,200000
rl,rl,rl+rl,32,1.0,6,128,32.00015,0.09222231300009298,0.2654994069998793,False,921,176,0.021715526601520086,1.0,0.17866909753874202,0.9090909090909091,0.0,0.0,0.0,0.0,False,29.18904799999999,145.94523999999996,146.0,116.80000000000001,1.0,4.498288749999984,0.9995721875,100.0,1103,200000
rl,rl,rl+rl,32,1.0,7,128,32.0,0.1504903179993562,0.2254389589998027,False,865,183,0.03930635838150289,0.9617486338797814,0.20038167938931298,0.9617486338797814,0.03825136612021858,0.03825136612021858,0.03977272727272727,10562.125,False,29.18993199999999,145.94965999999997,146.0,116.80000000000001,1.0,4.498426874999995,0.99960671875,100.0,1060,200000
