offline_policy,online_policy,policy,n_cores,u_per_core,seed,n_tasks,total_utilization,solve_seconds,sim_seconds,offline_feasible,n_hard_jobs,n_soft_jobs,hard_miss_ratio,soft_miss_ratio,deadline_miss_ratio,acceptance_ratio,qos_mean,qos_weighted,qos_accepted,soft_response_mean_ticks,schedulable,energy_j,mean_chip_power_w,peak_chip_power_w,tdp_w,tdp_violation_ratio,mean_core_power_w,mean_core_busy_ratio,mean_core_level,sim_steps,horizon_ticks,tasks_per_core
ga,slack,ga+slack,8,0.25,0,16,1.9999149999999999,1.6059939530005067,0.013391741000305046,True,191,38,0.0,0.0,0.0,1.0,1.0,1.0,1.0,5435.789473684211,True,2.9663031654729135,14.83151582736457,23.35831037649219,30.400000000000002,0.0,1.6039394784205703,0.39864875,72.5,291,200000,2
ga,slack,ga+slack,8,0.25,1,16,2.00001,1.5892255420003494,0.011260376000791439,True,150,32,0.0,0.0,0.0,1.0,1.0,1.0,1.0,4817.0,True,2.833093256198344,14.165466280991723,22.26446280991735,30.400000000000002,0.0,1.5206832851239662,0.390173125,70.0,238,200000,2
ga,slack,ga+slack,8,0.25,2,16,2.000065,1.609593852999751,0.01010469199900399,True,97,40,0.0,0.0,0.0,1.0,1.0,1.0,1.0,5216.325,True,2.8898503250688696,14.449251625344349,22.26446280991735,30.400000000000002,0.0,1.5561564531680434,0.42873937500000003,70.0,201,200000,2
ga,slack,ga+slack,8,0.25,3,16,2.00002,0.605731128998741,0.006514415001220186,True,95,42,0.0,0.0,0.0,1.0,1.0,1.0,1.0,4902.119047619048,True,2.889518380165288,14.44759190082644,22.26446280991735,30.400000000000002,0.0,1.5559489876033064,0.426146875,70.0,203,200000,2
ga,slack,ga+slack,8,0.25,4,16,2.000015,0.8904234250003356,0.006322833000012906,True,75,44,0.0,0.0,0.0,1.0,1.0,1.0,1.0,5212.75,True,2.9349495757575736,14.67474787878787,22.26446280991735,30.400000000000002,0.0,1.5843434848484852,0.43761375,70.0,179,200000,2
ga,slack,ga+slack,8,0.25,5,16,1.999985,1.5865205109985254,0.01182951100054197,True,99,47,0.0,0.0,0.0,1.0,1.0,1.0,1.0,5418.95744680851,True,2.9655105461891647,14.827552730945824,21.4574839302112,30.400000000000002,0.0,1.6034440913682282,0.432863125,71.25,216,200000,2
ga,slack,ga+slack,8,0.25,6,16,2.0,1.5993444190007722,0.009135735999734607,True,111,31,0.0,0.0,0.0,1.0,1.0,1.0,1.0,5140.548387096775,True,2.839167658402205,14.195838292011025,22.26446280991735,30.400000000000002,0.0,1.5244797865013777,0.39369812499999995,70.0,193,200000,2
ga,slack,ga+slack,8,0.25,7,16,2.000035,0.6450763570010167,0.005577719999564579,True,68,41,0.0,0.0,0.0,1.0,1.0,1.0,1.0,4722.341463414634,True,2.8663934545454546,14.331967272727274,22.26446280991735,30.400000000000002,0.0,1.5414959090909088,0.41999624999999996,70.0,166,200000,2
ga,slack,ga+slack,8,0.5,0,16,4.000005,0.7873083279991988,0.005571927000346477,True,84,33,0.0,0.0,0.0,1.0,1.0,1.0,1.0,4965.181818181818,True,4.633747041322314,23.168735206611572,30.132231404958677,30.400000000000002,0.0,2.6460919008264474,0.6030425,85.0,174,200000,2
ga,slack,ga+slack,8,0.5,1,16,3.9999,0.631820851998782,0.007035476999590173,True,150,32,0.0,0.0,0.0,1.0,1.0,1.0,1.0,4817.0,True,4.566056022038565,22.830280110192827,30.132231404958677,30.400000000000002,0.0,2.603785013774104,0.6076349999999999,85.0,238,200000,2
ga,slack,ga+slack,8,0.5,2,16,3.999985,0.6334188949986128,0.006583096999747795,True,97,40,0.0,0.0,0.0,1.0,1.0,1.0,1.0,5007.725,True,4.593411603305785,22.967058016528924,30.132231404958677,30.400000000000002,0.0,2.6208822520661146,0.653381875,85.0,201,200000,2
ga,slack,ga+slack,8,0.5,3,16,3.99988,0.587313150999762,0.007189164000010351,True,95,42,0.0,0.0,0.0,1.0,1.0,1.0,1.0,4770.809523809524,True,4.5556050137741035,22.77802506887052,30.132231404958677,30.400000000000002,0.0,2.5972531336088145,0.659933125,85.0,203,200000,2
ga,slack,ga+slack,8,0.5,4,16,4.0000100000000005,0.6585045470001205,0.006319813999652979,True,75,44,0.0,0.0,0.0,1.0,1.0,1.0,1.0,5023.204545454545,True,4.623324167493112,23.11662083746556,29.30909090909091,30.400000000000002,0.0,2.639577604683196,0.65979,83.75,179,200000,2
ga,slack,ga+slack,8,0.5,5,16,4.0,0.6151512829983403,0.007582715999888023,True,99,47,0.0,0.0,0.0,1.0,1.0,1.0,1.0,4905.659574468085,True,4.645633002754819,23.228165013774095,30.132231404958677,30.400000000000002,0.0,2.6535206267217646,0.6678143750000001,85.0,216,200000,2
ga,slack,ga+slack,8,0.5,6,16,3.999965,0.8507866599993577,0.005657005000102799,True,111,31,0.0,0.0,0.0,1.0,1.0,1.0,1.0,5140.548387096775,True,4.513070391184572,22.56535195592286,30.132231404958677,30.400000000000002,0.0,2.5706689944903585,0.6256200000000001,85.0,193,200000,2
ga,slack,ga+slack,8,0.5,7,16,3.99993,0.7709820979998767,0.007207214999652933,True,135,41,0.0,0.0,0.0,1.0,1.0,1.0,1.0,5323.024390243902,True,4.666708738292011,23.333543691460058,30.132231404958677,30.400000000000002,0.0,2.6666929614325046,0.650875,85.0,241,200000,2
ga,slack,ga+slack,8,0.75,0,16,5.999985,0.5902571690003242,0.00671010200130695,True,118,37,0.0,0.0,0.0,1.0,1.0,1.0,1.0,3209.972972972973,True,5.673652606427916,28.36826303213958,30.23875114784206,30.400000000000002,0.0,3.296032879017448,0.9318525,87.5,216,200000,2
ga,slack,ga+slack,8,0.75,1,16,6.00005,0.580904926000585,0.00748291299896664,True,110,40,0.0,0.025,0.006666666666666667,1.0,0.999466902331946,0.999466902331946,0.999466902331946,4216.775,True,5.726272564187327,28.631362820936637,30.121212121212125,30.400000000000002,0.0,3.3289203526170814,0.94409875,87.5,213,200000,2
ga,slack,ga+slack,8,0.75,2,16,6.00009,0.686403600999256,0.0074853440000879345,True,97,40,0.0,0.0,0.0,1.0,1.0,1.0,1.0,3757.2,True,5.7834354883379255,28.91717744168963,30.23875114784206,30.400000000000002,0.0,3.3646471802112026,0.947516875,87.5,201,200000,2
ga,slack,ga+slack,8,0.75,3,16,6.000025,0.5875128909992782,0.00704683600088174,True,95,42,0.0,0.0,0.0,1.0,1.0,1.0,1.0,3484.285714285714,True,5.771008949494951,28.855044747474757,30.23875114784206,30.400000000000002,0.0,3.356880593434344,0.947430625,87.5,202,200000,2
ga,slack,ga+slack,8,0.75,4,16,5.999935,0.6051832220000506,0.008135694000884541,True,123,44,0.0,0.0,0.0,1.0,1.0,1.0,1.0,3708.2045454545455,True,5.790346892561985,28.951734462809927,30.23875114784206,30.400000000000002,0.0,3.3689668078512396,0.94876375,87.5,235,200000,2
ga,slack,ga+slack,8,0.75,5,16,5.999955,0.8559487889997399,0.007958845999382902,True,90,48,0.0,0.0,0.0,1.0,1.0,1.0,1.0,3141.2291666666665,True,5.759994448117539,28.7999722405877,30.121212121212125,30.400000000000002,0.0,3.349996530073463,0.9495743750000001,87.5,210,200000,2
ga,slack,ga+slack,8,0.75,6,16,6.000005,0.5987458289982897,0.00697437899907527,True,93,42,0.0,0.023809523809523808,0.007407407407407408,1.0,0.9761904761904762,0.9761904761904762,0.9761904761904762,3407.829268292683,True,5.775832607162536,28.87916303581268,30.23875114784206,30.400000000000002,0.0,3.3598953794765842,0.9406975,87.5,200,200000,2
ga,slack,ga+slack,8,0.75,7,16,6.0,0.8653959720013518,0.010244449998936034,True,74,44,0.0,0.0,0.0,1.0,1.0,1.0,1.0,3592.8863636363635,True,5.779658236179985,28.89829118089993,30.23875114784206,30.400000000000002,0.0,3.3622863976124893,0.954275625,87.5,173,200000,2
ga,slack,ga+slack,8,0.85,0,16,6.80001,0.6219248299985338,0.00935166300041601,True,118,37,0.0,0.8378378378378378,0.2,1.0,0.16216216216216217,0.16216216216216217,0.16216216216216217,37007.666666666664,True,6.021528150964188,30.10764075482094,30.121212121212125,30.400000000000002,0.0,3.513455094352619,0.999399375,87.5,191,200000,2
ga,slack,ga+slack,8,0.85,1,16,6.79991,0.6130978990004223,0.009256207000362338,True,110,40,0.0,0.85,0.22666666666666666,1.0,0.16911742495752313,0.16911742495752313,0.16911742495752313,46572.77777777778,True,6.1572545660238776,30.78627283011939,30.826813590449955,30.400000000000002,0.98884,3.598284103764921,0.998605,88.75,191,200000,2
ga,slack,ga+slack,8,0.85,2,16,6.79996,1.59752686200045,0.018494277001082082,True,128,54,0.0,0.9629629629629629,0.2857142857142857,1.0,0.04077174763167516,0.04077174763167516,0.04077174763167516,52957.77777777778,True,6.023746424242421,30.118732121212105,30.121212121212125,30.400000000000002,0.0,3.5148415151515153,0.9999225,87.5,215,200000,2
ga,slack,ga+slack,8,0.85,3,16,6.79994,1.5894187710000551,0.016361050000341493,True,133,44,0.0,0.9318181818181818,0.23163841807909605,1.0,0.06818181818181818,0.06818181818181818,0.06818181818181818,65699.75,True,6.038423036547291,30.192115182736458,30.23875114784206,30.400000000000002,0.0,3.524014397842056,0.9979143749999999,87.5,209,200000,2
ga,slack,ga+slack,8,0.85,4,16,6.79998,1.630979784000374,0.016457592000733712,True,146,40,0.0,0.85,0.1827956989247312,1.0,0.15080346985210466,0.15080346985210466,0.15080346985210466,35781.8,True,6.145493024058765,30.727465120293825,30.826813590449955,30.400000000000002,0.985805,3.590933140036733,0.9957475,88.75,225,200000,2
ga,slack,ga+slack,8,0.85,5,16,6.800025,1.6366714830001001,0.014346116999149672,True,90,48,0.0,0.9166666666666666,0.3188405797101449,1.0,0.09997209002852932,0.09997209002852932,0.09997209002852932,42832.72727272727,True,6.069494949494947,30.347474747474738,30.34747474747475,30.400000000000002,0.0,3.5434343434343436,1.0,87.5,173,200000,2
ga,slack,ga+slack,8,0.85,6,16,6.799985,1.6214818869993906,0.012895951000245987,True,74,48,0.0,0.7916666666666666,0.3114754098360656,1.0,0.20833333333333334,0.20833333333333334,0.20833333333333334,13497.75,True,6.0416462222222185,30.208231111111093,30.23875114784206,30.400000000000002,0.0,3.5260288888888893,0.99845625,87.5,158,200000,2
ga,slack,ga+slack,8,0.85,7,16,6.79999,0.6155511019987898,0.009591781999915838,True,119,43,0.0,0.9069767441860465,0.24074074074074073,1.0,0.09302325581395349,0.09302325581395349,0.09302325581395349,46380.61538461538,True,6.019497710192841,30.097488550964208,30.121212121212125,30.400000000000002,0.0,3.5121860688705246,0.999098125,87.5,199,200000,2
ga,slack,ga+slack,8,0.95,0,16,7.60015,0.595728128000701,0.008581825000874233,False,118,37,0.01694915254237288,0.9459459459459459,0.23870967741935484,1.0,0.05405405405405406,0.05405405405405406,0.05405405405405406,32391.666666666668,False,7.105231702479339,35.5261585123967,35.530578512396694,30.400000000000002,1.0,4.1907698140495855,0.999861875,96.25,184,200000,2
ga,slack,ga+slack,8,0.95,1,16,7.59993,0.5999672310008464,0.009822788000747096,True,154,34,0.0,0.9117647058823529,0.16489361702127658,1.0,0.08823529411764706,0.08823529411764706,0.08823529411764706,43484.5,True,7.260639801652894,36.30319900826447,36.35371900826446,30.400000000000002,0.99919,4.287899876033061,0.99842125,97.5,220,200000,2
ga,slack,ga+slack,8,0.95,2,16,7.59993,1.0654934429985587,0.008387548001337564,True,83,48,0.0,0.9375,0.3435114503816794,1.0,0.0708599782394969,0.0708599782394969,0.0708599782394969,40971.1,True,7.27074380165289,36.353719008264456,36.35371900826446,30.400000000000002,1.0,4.294214876033058,1.0,97.5,161,200000,2
ga,slack,ga+slack,8,0.95,3,16,7.599935,0.6170933659996081,0.009348028999738744,False,118,38,0.00847457627118644,0.9473684210526315,0.23717948717948717,1.0,0.06994628385014134,0.06994628385014134,0.06994628385014134,61079.8,False,7.262410899173553,36.31205449586777,36.35371900826446,30.400000000000002,1.0,4.289006811983474,0.998360625,97.5,189,200000,2
ga,slack,ga+slack,8,0.95,4,16,7.59999,0.6029492169982404,0.009267374000046402,False,100,47,0.06,0.8723404255319149,0.3197278911564626,1.0,0.12829330055348925,0.12829330055348925,0.12829330055348925,33491.818181818184,False,7.270419761983473,36.35209880991737,36.35371900826446,30.400000000000002,1.0,4.294012351239671,0.99993625,97.5,180,200000,2
ga,slack,ga+slack,8,0.95,5,16,7.599985,0.6904181359986978,0.010013082001023577,False,138,38,0.06521739130434782,0.8421052631578947,0.23295454545454544,1.0,0.16674203251872677,0.16674203251872677,0.16674203251872677,34809.92307692308,False,7.267507801652895,36.33753900826448,36.35371900826446,30.400000000000002,1.0,4.292192376033057,0.999494375,97.5,211,200000,2
ga,slack,ga+slack,8,0.95,6,16,7.59997,0.6199263840007916,0.007614563999595703,False,74,48,0.20270270270270271,0.8541666666666666,0.45901639344262296,1.0,0.14583333333333334,0.14583333333333334,0.14583333333333334,17756.222222222223,False,7.105686826446278,35.528434132231396,35.530578512396694,30.400000000000002,1.0,4.191054266528925,0.999915625,96.25,152,200000,2
ga,slack,ga+slack,8,0.95,7,16,7.599995,0.5856469319987809,0.00887215699913213,False,85,56,0.12941176470588237,0.875,0.425531914893617,1.0,0.125,0.125,0.125,32697.909090909092,False,7.106115702479338,35.530578512396694,35.530578512396694,30.400000000000002,1.0,4.191322314049586,1.0,96.25,174,200000,2
ga,slack,ga+slack,8,1.0,0,16,8.000015,0.5935608529998717,0.008860332998665399,False,100,51,0.08,0.8627450980392157,0.3443708609271523,1.0,0.13725490196078433,0.13725490196078433,0.13725490196078433,8149.25,False,7.6,38.0,38.0,30.400000000000002,1.0,4.500000000000002,1.0,100.0,179,200000,2
ga,slack,ga+slack,8,1.0,1,16,7.99986,0.6289116659991123,0.003433400001085829,False,73,11,0.1917808219178082,0.8181818181818182,0.27380952380952384,1.0,0.18181818181818182,0.18181818181818182,0.18181818181818182,27411.0,False,3.6339279008264462,36.33927900826446,36.35371900826446,30.400000000000002,1.0,4.292409876033057,0.99954875,97.5,94,100000,2
ga,slack,ga+slack,8,1.0,2,16,8.000015,0.6040767969989247,0.007741970999632031,False,100,40,0.26,0.925,0.45,1.0,0.09920280137088362,0.09920280137088362,0.09920280137088362,20219.6,False,7.270743801652888,36.35371900826444,36.35371900826446,30.400000000000002,1.0,4.29421487603306,1.0,97.5,158,200000,2
ga,slack,ga+slack,8,1.0,3,16,7.999965,0.6614309420001518,0.008807792999505182,False,115,40,0.10434782608695652,0.95,0.3225806451612903,1.0,0.05129477454698694,0.05129477454698694,0.05129477454698694,69146.875,False,7.600000000000001,38.00000000000001,38.0,30.400000000000002,1.0,4.500000000000001,1.0,100.0,183,200000,2
ga,slack,ga+slack,8,1.0,4,16,8.000035,0.7041681629998493,0.008939334999013226,False,100,47,0.19,0.9574468085106383,0.43537414965986393,1.0,0.05281926066295382,0.05281926066295382,0.05281926066295382,53778.0,False,7.599999999999998,37.99999999999999,38.0,30.400000000000002,1.0,4.500000000000002,1.0,100.0,173,200000,2
ga,slack,ga+slack,8,1.0,5,16,7.999915,0.7700644939995982,0.015281378999134176,False,138,38,0.21739130434782608,1.0,0.38636363636363635,1.0,0.0,0.0,0.0,114944.5,False,7.435371900826445,37.17685950413223,37.17685950413223,30.400000000000002,1.0,4.39710743801653,1.0,98.75,196,200000,2
ga,slack,ga+slack,8,1.0,6,16,7.999925,0.9581386240006395,0.01152242100033618,False,74,48,0.16216216216216217,0.7708333333333334,0.4016393442622951,1.0,0.24338557465453317,0.24338557465453317,0.24338557465453317,6700.0,False,7.600000000000003,38.00000000000002,38.0,30.400000000000002,1.0,4.500000000000001,1.0,100.0,153,200000,2
ga,slack,ga+slack,8,1.0,7,16,8.000045,0.5735144289992604,0.008855140000378015,False,85,56,0.29411764705882354,0.875,0.524822695035461,1.0,0.125,0.125,0.125,39440.4,False,7.599999999999997,37.999999999999986,38.0,30.400000000000002,1.0,4.500000000000002,1.0,100.0,175,200000,2
ga,slack,ga+slack,16,0.25,0,32,4.000055,1.6243745959982334,0.030098002000158885,True,196,77,0.0,0.0,0.0,1.0,1.0,1.0,1.0,5283.61038961039,True,5.624924716253446,28.124623581267233,43.77410468319559,59.2,0.0,1.632788973829201,0.393715625,72.5,374,200000,2
ga,slack,ga+slack,16,0.25,1,32,4.000005,1.6851740809997864,0.03526966999925207,True,198,99,0.0,0.0,0.0,1.0,1.0,1.0,1.0,5371.89898989899,True,5.728566618916436,28.642833094582183,43.36822773186409,59.2,0.0,1.6651770684113871,0.4293975,71.25,420,200000,2
ga,slack,ga+slack,16,0.25,2,32,3.999895,1.6809804040003655,0.03351036200001545,True,169,88,0.0,0.0,0.0,1.0,1.0,1.0,1.0,5168.806818181818,True,5.493946732782368,27.469733663911843,42.5289256198347,59.2,0.0,1.5918583539944904,0.432784375,70.0,369,200000,2
ga,slack,ga+slack,16,0.25,3,32,3.999975,1.6205465780003578,0.02641851400039741,True,182,69,0.0,0.0,0.0,1.0,1.0,1.0,1.0,4864.014492753623,True,5.306590622589529,26.53295311294765,42.5289256198347,59.2,0.0,1.5333095695592276,0.39837531249999997,70.0,343,200000,2
ga,slack,ga+slack,16,0.25,4,32,4.000015,1.6676596580000478,0.02864509199935128,True,205,71,0.0,0.0,0.0,1.0,1.0,1.0,1.0,6198.12676056338,True,5.562614222222223,27.813071111111118,41.26134067952249,59.2,0.0,1.6133169444444446,0.400135,70.625,371,200000,2
ga,slack,ga+slack,16,0.25,5,32,3.999915,0.645402689000548,0.02530998499969428,True,252,85,0.0,0.0,0.0,1.0,1.0,1.0,1.0,4854.176470588235,True,5.404243636363628,27.021218181818142,42.5289256198347,59.2,0.0,1.5638261363636365,0.42346249999999996,70.0,446,200000,2
ga,slack,ga+slack,16,0.25,6,32,4.000045,0.6258296380001411,0.022471018999567605,True,189,88,0.0,0.0,0.0,1.0,1.0,1.0,1.0,5584.193181818182,True,5.585389854178146,27.926949270890734,43.04462809917355,59.2,0.0,1.6204343294306698,0.421550625,70.625,389,200000,2
ga,slack,ga+slack,16,0.25,7,32,3.999975,0.6105486879987438,0.021321632999388385,True,230,81,0.0,0.0,0.0,1.0,1.0,1.0,1.0,5079.962962962963,True,5.423465256932966,27.11732628466483,40.46207529843893,59.2,0.0,1.5698328927915504,0.4113821875,70.625,416,200000,2
ga,slack,ga+slack,16,0.5,0,32,7.99993,0.6435687899993354,0.02194418399994902,True,197,86,0.0,0.0,0.0,1.0,1.0,1.0,1.0,5497.488372093023,True,8.797505446831952,43.987527234159764,57.035445362718086,59.2,0.0,2.624220452134986,0.6762993749999999,83.75,392,200000,2
ga,slack,ga+slack,16,0.5,1,32,7.999885,0.6244638780008245,0.024762224000369315,True,198,99,0.0,0.0,0.0,1.0,1.0,1.0,1.0,5247.232323232323,True,8.975863775941235,44.87931887970618,57.45270890725436,59.2,0.0,2.6799574299816356,0.6735965625,83.75,420,200000,2
ga,slack,ga+slack,16,0.5,2,32,7.999975,0.6542682460003562,0.021737666000262834,True,169,88,0.0,0.0,0.0,1.0,1.0,1.0,1.0,5567.613636363636,True,8.980978817263535,44.90489408631768,57.04683195592286,59.2,0.0,2.681555880394858,0.6577328125,83.125,368,200000,2
ga,slack,ga+slack,16,0.5,3,32,7.999925,0.6612559229997714,0.02329339800053276,True,196,83,0.0,0.0,0.0,1.0,1.0,1.0,1.0,5220.21686746988,True,8.70470969917355,43.52354849586776,57.441322314049586,59.2,0.0,2.5952217809917335,0.670906875,84.375,385,200000,2
ga,slack,ga+slack,16,0.5,4,32,8.000035,0.6143283790006535,0.020331331001216313,True,205,71,0.0,0.0,0.0,1.0,1.0,1.0,1.0,5782.915492957746,True,8.7647679963269,43.8238399816345,56.62956841138659,59.2,0.0,2.613989998852159,0.6410315625,83.125,371,200000,2
ga,slack,ga+slack,16,0.5,5,32,7.9998949999999995,0.8940815770001791,0.027005190000636503,True,252,85,0.0,0.0,0.0,1.0,1.0,1.0,1.0,5598.729411764706,True,8.74199080991735,43.709954049586756,57.12910927456382,59.2,0.0,2.606872128099173,0.6709146874999999,83.125,446,200000,2
ga,slack,ga+slack,16,0.5,6,32,7.999875,0.6258661880001455,0.024242964998848038,True,222,90,0.0,0.0,0.0,1.0,1.0,1.0,1.0,5734.9,True,8.769700173002759,43.8485008650138,56.95867768595041,59.2,0.0,2.6155313040633605,0.6795696874999999,83.125,426,200000,2
ga,slack,ga+slack,16,0.5,7,32,8.000045,0.6184435220002342,0.02525265400072385,True,253,86,0.0,0.0,0.0,1.0,1.0,1.0,1.0,4974.860465116279,True,8.666868253443521,43.33434126721761,55.64187327823691,59.2,0.0,2.5833963292011006,0.674911875,82.5,448,200000,2
ga,slack,ga+slack,16,0.75,0,32,11.99993,1.1180152390006697,0.02995581499999389,True,242,91,0.0,0.04395604395604396,0.012012012012012012,1.0,0.9632182949036485,0.9632182949036485,0.9632182949036485,4656.288888888889,True,11.308767811202928,56.54383905601465,59.18310376492195,59.2,0.0,3.40898994100092,0.95063875,88.125,446,200000,2
ga,slack,ga+slack,16,0.75,1,32,11.99997,0.6469846260006307,0.024501797999619157,True,168,88,0.0,0.0,0.0,1.0,1.0,1.0,1.0,3307.375,True,11.156664095500462,55.783320477502315,58.6949494949495,59.2,0.0,3.3614575298438947,0.9474134375000001,87.5,368,200000,2
ga,slack,ga+slack,16,0.75,2,32,12.000145,0.6297520600001008,0.02866304599956493,True,234,86,0.0,0.0,0.0,1.0,1.0,1.0,1.0,3705.0581395348836,True,11.322927446831963,56.61463723415982,59.18310376492195,59.2,0.0,3.413414827134986,0.94891,88.125,430,200000,2
ga,slack,ga+slack,16,0.75,3,32,11.999825,0.6617343739999342,0.027405212000303436,True,269,82,0.0,0.0,0.0,1.0,1.0,1.0,1.0,3821.317073170732,True,11.261525086134062,56.30762543067031,59.06556473829202,59.2,0.0,3.394226589416897,0.946289375,88.125,456,200000,2
ga,slack,ga+slack,16,0.75,4,32,12.0,1.6625513210001372,0.03691820299900428,True,240,74,0.0,0.0,0.0,1.0,1.0,1.0,1.0,3727.445945945946,True,11.108289487603306,55.54144743801653,58.70376492194674,59.2,0.0,3.3463404648760338,0.938474375,87.5,412,200000,2
ga,slack,ga+slack,16,0.75,5,32,12.000055,1.6237833039995166,0.04023076700104866,True,254,77,0.0,0.0,0.0,1.0,1.0,1.0,1.0,3517.3766233766232,True,11.132771058218546,55.66385529109274,59.18310376492195,59.2,0.0,3.3539909556932983,0.9341453125000001,88.125,432,200000,2
ga,slack,ga+slack,16,0.75,6,32,11.999929999999999,1.6739003530001355,0.04363182800079812,True,222,90,0.0,0.0,0.0,1.0,1.0,1.0,1.0,3453.9,True,11.243376761799821,56.21688380899911,58.94802571166208,59.2,0.0,3.3885552380624433,0.9479953125,88.125,426,200000,2
ga,slack,ga+slack,16,0.75,7,32,11.99997,0.6450517729990679,0.025822187000812846,True,214,90,0.0,0.0,0.0,1.0,1.0,1.0,1.0,3430.5222222222224,True,11.268803393939395,56.34401696969698,59.05674931129477,59.2,0.0,3.39650106060606,0.9450596874999999,88.125,418,200000,2
ga,slack,ga+slack,16,0.85,0,32,13.59997,1.6699239539993869,0.04960614799892937,True,238,81,0.0,0.8641975308641975,0.219435736677116,1.0,0.14574091216636761,0.14574091216636761,0.14574091216636761,34639.541666666664,True,11.82344383691459,59.11721918457295,59.17428833792471,59.2,0.0,3.569826199035813,0.9989543750000001,88.125,367,200000,2
ga,slack,ga+slack,16,0.85,1,32,13.59999,1.6775374410008226,0.054535101999135804,True,258,78,0.0,0.9102564102564102,0.2113095238095238,1.0,0.09257839414924177,0.09257839414924177,0.09257839414924177,50591.416666666664,True,11.781099620202028,58.905498101010146,58.94802571166208,59.2,0.0,3.5565936313131328,0.9992109375,88.125,383,200000,2
ga,slack,ga+slack,16,0.85,2,32,13.60005,0.6347052170003735,0.03509034499984409,True,229,94,0.0,0.8085106382978723,0.23529411764705882,1.0,0.20140452520123137,0.20140452520123137,0.20140452520123137,23879.923076923078,True,11.857025629384752,59.28512814692377,59.30064279155189,59.2,0.995485,3.580320509182737,0.9997178125,88.125,373,200000,2
ga,slack,ga+slack,16,0.85,3,32,13.600025,0.969806826000422,0.036826120000114315,True,187,84,0.0,0.8214285714285714,0.25461254612546125,1.0,0.20445751189085123,0.20445751189085123,0.20445751189085123,32541.28125,True,12.020075016345276,60.10037508172638,60.11496786042241,59.2,0.994095,3.6312734426078976,0.9996309375,88.75,327,200000,2
ga,slack,ga+slack,16,0.85,4,32,13.600055,0.8126214650001202,0.03628845800085401,True,232,90,0.0,0.7666666666666667,0.21428571428571427,1.0,0.23563558295533338,0.23563558295533338,0.23563558295533338,22190.866666666665,True,11.782790346005529,58.91395173002765,58.94802571166208,59.2,0.0,3.5571219831267205,0.9993503125000001,88.125,376,200000,2
ga,slack,ga+slack,16,0.85,5,32,13.59999,0.6270812799994019,0.030580153999835602,True,213,75,0.0,0.84,0.21875,1.0,0.1654597614977859,0.1654597614977859,0.1654597614977859,31324.88888888889,True,11.843723265013779,59.2186163250689,59.24738292011019,59.2,0.992505,3.5761635203168045,0.9993315625,87.5,322,200000,2
ga,slack,ga+slack,16,0.85,6,32,13.599975,0.6427887940008077,0.03784529499898781,True,216,101,0.0,0.8712871287128713,0.277602523659306,1.0,0.1351391797422355,0.1351391797422355,0.1351391797422355,38957.57692307692,True,11.807614334251609,59.038071671258045,59.06556473829202,59.2,0.0,3.5648794794536256,0.9994259375000001,88.125,367,200000,2
ga,slack,ga+slack,16,0.85,7,32,13.59996,0.6421093750013824,0.03532403399913164,True,223,93,0.0,0.8279569892473119,0.24367088607594936,1.0,0.17487575414165815,0.17487575414165815,0.17487575414165815,29911.85185185185,True,11.78189594527089,58.909479726354455,58.94802571166208,59.2,0.0,3.5568424828971525,0.9991715624999999,88.125,367,200000,2
ga,slack,ga+slack,16,0.95,0,32,15.19998,0.6308416609990672,0.023369598000499536,True,164,75,0.0,0.8266666666666667,0.2594142259414226,1.0,0.21002284756941253,0.21002284756941253,0.21002284756941253,23813.37037037037,True,14.303316889256205,71.51658444628103,71.5305785123967,59.2,1.0,4.344786527892561,0.9997246875,98.125,276,200000,2
ga,slack,ga+slack,16,0.95,1,32,15.199955,0.6209726389988646,0.034009524000794045,False,234,100,0.008547008547008548,0.84,0.25748502994011974,1.0,0.16,0.16,0.16,19241.285714285714,False,14.138739603305774,70.69369801652888,70.70743801652893,59.2,1.0,4.2933561260330615,0.9997853125,97.5,358,200000,2
ga,slack,ga+slack,16,0.95,2,32,15.20004,0.630037994000304,0.03674700800002029,True,298,80,0.0,0.85,0.17989417989417988,1.0,0.15,0.15,0.15,22524.470588235294,True,13.999528618549133,69.99764309274568,70.00183654729109,59.2,1.0,4.249852693296602,0.9999175,96.875,366,200000,2
ga,slack,ga+slack,16,0.95,3,32,15.199925,0.9090982760008046,0.024250213000414078,True,192,79,0.0,0.7848101265822784,0.22878228782287824,1.0,0.2301023551384349,0.2301023551384349,0.2301023551384349,12232.739130434782,True,14.160872863177216,70.80436431588609,70.82497704315887,59.2,1.0,4.300272769742885,0.9996071875,97.5,278,200000,2
ga,slack,ga+slack,16,0.95,4,32,15.20006,1.135900514000241,0.04238925099889457,False,194,82,0.015463917525773196,0.8536585365853658,0.2644927536231884,1.0,0.1553270431953163,0.1553270431953163,0.1553270431953163,26916.619047619046,False,13.974981761983464,69.87490880991733,69.88429752066116,59.2,1.0,4.242181800619834,0.999818125,96.875,307,200000,2
ga,slack,ga+slack,16,0.95,5,32,15.20001,0.6264738390000275,0.03063302800001111,True,250,76,0.0,0.8026315789473685,0.18711656441717792,1.0,0.21802806773964173,0.21802806773964173,0.21802806773964173,17072.96,True,14.139303603305788,70.69651801652894,70.70743801652893,59.2,1.0,4.293532376033058,0.999829375,97.5,334,200000,2
ga,slack,ga+slack,16,0.95,6,32,15.20006,0.6391958710009931,0.029396063000604045,False,194,96,0.010309278350515464,0.875,0.296551724137931,1.0,0.1382429843623061,0.1382429843623061,0.1382429843623061,31643.0,False,14.14148760330578,70.70743801652891,70.70743801652893,59.2,1.0,4.294214876033057,1.0,97.5,294,200000,2
ga,slack,ga+slack,16,0.95,7,32,15.2,0.6201169359992491,0.03274650200000906,False,223,93,0.03587443946188341,0.8279569892473119,0.2689873417721519,1.0,0.17664034531135925,0.17664034531135925,0.17664034531135925,23563.0,False,14.130826366942134,70.65413183471068,70.70743801652893,59.2,1.0,4.290883239669421,0.9991571875,97.5,362,200000,2
ga,slack,ga+slack,16,1.0,0,32,15.99994,0.616526709000027,0.02264940999884857,False,164,75,0.16463414634146342,0.96,0.41422594142259417,1.0,0.04,0.04,0.04,51580.666666666664,False,14.799999999999992,73.99999999999997,74.0,59.2,1.0,4.499999999999999,1.0,100.0,246,200000,2
ga,slack,ga+slack,16,1.0,1,32,16.00012,1.6696586750003917,0.049165033000463154,False,234,100,0.0641025641025641,0.95,0.32934131736526945,1.0,0.05,0.05,0.05,52125.3,False,14.799999999999994,73.99999999999997,74.0,59.2,1.0,4.499999999999995,1.0,100.0,317,200000,2
ga,slack,ga+slack,16,1.0,2,32,15.99999,1.671412045998295,0.05196087600052124,False,298,80,0.06040268456375839,0.9875,0.2566137566137566,1.0,0.017260311796440254,0.017260311796440254,0.017260311796440254,58702.4,False,14.799999999999994,73.99999999999997,74.0,59.2,1.0,4.500000000000001,1.0,100.0,346,200000,2
ga,slack,ga+slack,16,1.0,3,32,15.99998,1.6638533460009057,0.03734398400047212,False,192,79,0.08333333333333333,0.9493670886075949,0.33579335793357934,1.0,0.06575265756195058,0.06575265756195058,0.06575265756195058,30197.41176470588,False,14.635371900826454,73.17685950413228,73.17685950413224,59.2,1.0,4.448553719008265,1.0,99.375,260,200000,2
ga,slack,ga+slack,16,1.0,4,32,16.00002,1.66873232099897,0.04110195300017949,False,194,82,0.14948453608247422,0.9390243902439024,0.38405797101449274,1.0,0.06198452784348827,0.06198452784348827,0.06198452784348827,37574.916666666664,False,14.79999999999999,73.99999999999996,74.0,59.2,1.0,4.499999999999997,1.0,100.0,283,200000,2
ga,slack,ga+slack,16,1.0,5,32,16.000015,1.6552680149998196,0.044626963999689906,False,250,76,0.064,0.9605263157894737,0.27300613496932513,1.0,0.039473684210526314,0.039473684210526314,0.039473684210526314,38753.6,False,14.799999999999992,73.99999999999997,74.0,59.2,1.0,4.4999999999999964,1.0,100.0,298,200000,2
ga,slack,ga+slack,16,1.0,6,32,15.999915,0.7496739069993055,0.028337450999970315,False,194,96,0.09278350515463918,1.0,0.3931034482758621,1.0,0.014101299644162279,0.014101299644162279,0.014101299644162279,64773.8,False,14.470743801652894,72.35371900826448,72.35371900826446,59.2,1.0,4.397107438016529,1.0,98.75,267,200000,2
ga,slack,ga+slack,16,1.0,7,32,15.999995,0.746032450999337,0.03522240399979637,False,246,74,0.08536585365853659,0.9864864864864865,0.29375,1.0,0.013797532303995616,0.013797532303995616,0.013797532303995616,47340.166666666664,False,14.799999999999997,73.99999999999999,74.0,59.2,1.0,4.499999999999997,1.0,100.0,328,200000,2
ga,slack,ga+slack,32,0.25,0,64,7.999885,0.6511147569999594,0.06709161599974323,True,418,153,0.0,0.0,0.0,1.0,1.0,1.0,1.0,6615.888888888889,True,10.26008915224977,51.30044576124886,73.33516988062442,116.80000000000001,0.0,1.5406389300390275,0.4430596875,66.25,747,200000,2
ga,slack,ga+slack,32,0.25,1,64,7.999945,0.6773934050015669,0.07864226500169025,True,397,182,0.0,0.0,0.0,1.0,1.0,1.0,1.0,6273.780219780219,True,10.291750041138647,51.458750205693235,73.75426997245178,116.80000000000001,0.0,1.5455859439279143,0.46640218749999995,66.5625,780,200000,2
ga,slack,ga+slack,32,0.25,2,64,7.99995,0.7338137080005254,0.10983647299872246,True,540,204,0.0,0.0,0.0,1.0,1.0,1.0,1.0,6368.8725490196075,True,10.584997954820926,52.92498977410463,75.76161616161615,116.80000000000001,0.0,1.5914059304407704,0.49100906250000004,66.25,970,200000,2
ga,slack,ga+slack,32,0.25,3,64,8.00006,0.6601686989997688,0.07646261199988658,True,420,178,0.0,0.0,0.0,1.0,1.0,1.0,1.0,5953.943820224719,True,10.23406958383838,51.170347919191904,72.1763085399449,116.80000000000001,0.0,1.5365733724747461,0.45654046875000004,67.1875,799,200000,2
ga,slack,ga+slack,32,0.25,4,64,7.999765,1.2046623229998659,0.11036747199977981,True,525,165,0.0,0.0,0.0,1.0,1.0,1.0,1.0,6926.842424242424,True,10.478210705234165,52.39105352617083,70.27217630853994,116.80000000000001,0.0,1.574720422692836,0.45298843749999995,65.9375,878,200000,2
ga,slack,ga+slack,32,0.25,5,64,7.999855,0.6500494409992825,0.08066718900045089,True,420,191,0.0,0.0,0.0,1.0,1.0,1.0,1.0,6346.507853403142,True,10.804328839669415,54.021644198347076,75.54637281910009,116.80000000000001,0.0,1.625676381198347,0.46231343750000004,67.8125,824,200000,2
ga,slack,ga+slack,32,0.25,6,64,7.999915,0.8630096359993331,0.08855482900071365,True,431,189,0.0,0.0,0.0,1.0,1.0,1.0,1.0,5765.608465608466,True,10.438391749127636,52.19195874563818,75.4258953168044,116.80000000000001,0.0,1.568498710801194,0.46238484375,67.5,833,200000,2
ga,slack,ga+slack,32,0.25,7,64,8.000145,0.6503243349998229,0.07900326999879326,True,456,176,0.0,0.0,0.0,1.0,1.0,1.0,1.0,5885.5625,True,10.369892485583092,51.84946242791546,73.4119375573921,116.80000000000001,0.0,1.55779570087236,0.4539959375,67.5,829,200000,2
ga,slack,ga+slack,32,0.5,0,64,15.9999,0.6666908290007996,0.08693884499916749,True,469,174,0.0,0.0,0.0,1.0,1.0,1.0,1.0,5830.8218390804595,True,16.472143866299376,82.36071933149688,101.02038567493112,116.80000000000001,0.0,2.5112724791092758,0.7106678125,79.0625,839,200000,2
ga,slack,ga+slack,32,0.5,1,64,16.0001,0.6332273530006205,0.08743006300028355,True,397,182,0.0,0.0,0.0,1.0,1.0,1.0,1.0,6275.818681318681,True,16.093656809550055,80.46828404775027,97.0457300275482,116.80000000000001,0.0,2.452133876492194,0.7530528125,75.625,784,200000,2
ga,slack,ga+slack,32,0.5,2,64,16.000125,0.6961842459986656,0.11308294199989177,True,540,204,0.0,0.0,0.0,1.0,1.0,1.0,1.0,6424.848039215686,True,16.811572787878788,84.05786393939394,101.46115702479338,116.80000000000001,0.0,2.5643082481060606,0.75477921875,77.1875,972,200000,2
ga,slack,ga+slack,32,0.5,3,64,15.999905,0.6547153360006632,0.10457184300139488,True,562,180,0.0,0.0,0.0,1.0,1.0,1.0,1.0,5699.988888888889,True,16.154449006427892,80.77224503213947,99.20514233241505,116.80000000000001,0.0,2.461632657254361,0.73445140625,77.8125,946,200000,2
ga,slack,ga+slack,32,0.5,4,64,15.99989,1.67957522100005,0.1305692670011922,True,368,180,0.0,0.0,0.0,1.0,1.0,1.0,1.0,6126.961111111111,True,16.37078404444442,81.8539202222221,99.53902662993572,116.80000000000001,0.0,2.4954350069444424,0.7315696875,76.875,751,200000,2
ga,slack,ga+slack,32,0.5,5,64,15.999865,1.7147880510001414,0.15324330700059363,True,530,180,0.0,0.0,0.0,1.0,1.0,1.0,1.0,5392.577777777778,True,16.28395011900827,81.41975059504136,103.55996326905418,116.80000000000001,0.0,2.4818672060950386,0.7157390625,80.3125,914,200000,2
ga,slack,ga+slack,32,0.5,6,64,16.0,1.7153334129998257,0.13533930400080862,True,428,176,0.0,0.0,0.0,1.0,1.0,1.0,1.0,5762.8125,True,16.37052046574839,81.85260232874195,103.07952249770432,116.80000000000001,0.0,2.495393822773185,0.7146035937499999,79.0625,803,200000,2
ga,slack,ga+slack,32,0.5,7,64,16.00014,0.6589266899991344,0.08971155699873634,True,466,182,0.0,0.0,0.0,1.0,1.0,1.0,1.0,6155.258241758242,True,16.5846438277319,82.9232191386595,101.15629017447199,116.80000000000001,0.0,2.5288505980831046,0.72107046875,77.8125,852,200000,2
ga,slack,ga+slack,32,0.75,0,64,23.999855,1.7211891549995926,0.15981589299917687,True,543,161,0.0,0.0,0.0,1.0,1.0,1.0,1.0,3439.136645962733,True,22.013069554820937,110.0653477741047,116.63911845730028,116.80000000000001,0.0,3.377042117940771,0.9429140625,87.8125,887,200000,2
ga,slack,ga+slack,32,0.75,1,64,24.000055,1.7419988769997872,0.20203468699946825,True,585,201,0.0,0.04975124378109453,0.01272264631043257,1.0,0.9510020981082937,0.9510020981082937,0.9510020981082937,4208.818652849741,True,22.313877733700636,111.5693886685032,116.21303948576676,116.80000000000001,0.0,3.4240433958907244,0.9635959375,87.5,1009,200000,2
ga,slack,ga+slack,32,0.75,2,64,23.99987,0.8683448909996514,0.17888211300123658,True,520,168,0.0,0.0,0.0,1.0,1.0,1.0,1.0,3788.279761904762,True,22.203302686134062,111.01651343067032,116.10431588613407,116.80000000000001,0.0,3.406766044708446,0.9516059375,87.8125,853,200000,2
ga,slack,ga+slack,32,0.75,3,64,23.999985,0.6372497599986673,0.08180794100007915,True,358,164,0.0,0.0,0.0,1.0,1.0,1.0,1.0,3941.3231707317073,True,22.270313629384738,111.3515681469237,116.68833792470156,116.80000000000001,0.0,3.417236504591369,0.95142828125,87.1875,694,200000,2
ga,slack,ga+slack,32,0.75,4,64,23.999945,1.0361584269994637,0.10560293599883153,True,504,170,0.0,0.0,0.0,1.0,1.0,1.0,1.0,3709.9058823529413,True,22.26578515335171,111.32892576675856,116.62112029384757,116.80000000000001,0.0,3.4165289302111996,0.948771875,87.5,831,200000,2
ga,slack,ga+slack,32,0.75,5,64,23.99997,0.6570790790010506,0.11798787199950311,True,523,193,0.0,0.06217616580310881,0.01675977653631285,1.0,0.9429836630807877,0.9429836630807877,0.9429836630807877,4349.608695652174,True,22.50315114820936,112.5157557410468,116.76547291092746,116.80000000000001,0.0,3.4536173669077135,0.9606421875,87.8125,923,200000,2
ga,slack,ga+slack,32,0.75,6,64,23.999975,0.6765139409999392,0.14432666700122354,True,517,173,0.0,0.0,0.0,1.0,1.0,1.0,1.0,3774.0867052023123,True,22.45427147584942,112.2713573792471,116.77024793388429,116.80000000000001,0.0,3.44597991810147,0.9586557812500001,86.875,882,200000,2
ga,slack,ga+slack,32,0.75,7,64,23.999855,0.6514802659985435,0.1342926150009589,True,474,175,0.0,0.0,0.0,1.0,1.0,1.0,1.0,3585.982857142857,True,22.15950521248851,110.79752606244257,116.07750229568411,116.80000000000001,0.0,3.3999226894513295,0.954050625,87.5,844,200000,2
ga,slack,ga+slack,32,0.85,0,64,27.1999,0.653789150999728,0.14789180799925816,True,510,167,0.0,0.6586826347305389,0.16248153618906944,1.0,0.36717380575679015,0.36717380575679015,0.36717380575679015,19363.081395348836,True,23.816986971166198,119.084934855831,119.18861340679523,116.80000000000001,0.981065,3.6589042142447195,0.9988471875,89.375,708,200000,2
ga,slack,ga+slack,32,0.85,1,64,27.19978,0.6485108029992261,0.16137015400090604,True,480,178,0.0,0.702247191011236,0.1899696048632219,1.0,0.32275688923600704,0.32275688923600704,0.32275688923600704,16763.73076923077,True,23.588865742516084,117.94432871258043,118.1303948576676,116.80000000000001,0.976105,3.623260272268139,0.99811296875,89.0625,725,200000,2
ga,slack,ga+slack,32,0.85,2,64,27.199915,0.6815950489999523,0.12652484600039315,True,520,168,0.0,0.8035714285714286,0.19622093023255813,1.0,0.22971291890074447,0.22971291890074447,0.22971291890074447,24786.04411764706,True,23.62315075555554,118.1157537777777,118.24793388429752,116.80000000000001,0.97038,3.6286173055555544,0.99856515625,89.0625,742,200000,2
ga,slack,ga+slack,32,0.85,3,64,27.20005,0.7079643120014225,0.09578749499996775,True,358,164,0.0,0.5487804878048781,0.1724137931034483,1.0,0.4584133937574238,0.4584133937574238,0.4584133937574238,10665.266666666666,True,24.125283869605134,120.62641934802568,120.93480257116622,116.80000000000001,0.972005,3.707075604625802,0.99682203125,90.0,601,200000,2
ga,slack,ga+slack,32,0.85,4,64,27.200025,1.7296581430000515,0.1824386010011949,True,504,170,0.0,0.6882352941176471,0.17359050445103857,1.0,0.31627563549115534,0.31627563549115534,0.31627563549115534,17469.909090909092,True,23.66423954233242,118.32119771166211,118.4830119375574,116.80000000000001,0.96796,3.6350374284894396,0.9983690625,89.0625,708,200000,2
ga,slack,ga+slack,32,0.85,5,64,27.199885,0.6921205340004235,0.11279603599905386,True,458,160,0.0,0.74375,0.1925566343042071,1.0,0.26994738667848406,0.26994738667848406,0.26994738667848406,17334.087719298244,True,23.3145364279155,116.57268213957751,116.70119375573921,116.80000000000001,0.0,3.5803963168618007,0.99882890625,88.125,650,200000,2
ga,slack,ga+slack,32,0.85,6,64,27.199935,0.6611665110012837,0.12146795400076371,True,441,179,0.0,0.8379888268156425,0.24193548387096775,1.0,0.17576060163626625,0.17576060163626625,0.17576060163626625,29937.285714285714,True,23.267331942699744,116.33665971349873,116.3662075298439,116.80000000000001,0.0,3.5730206160468296,0.99966125,88.125,666,200000,2
ga,slack,ga+slack,32,0.85,7,64,27.199985,0.6643803979986842,0.12241133399948012,True,484,174,0.0,0.8735632183908046,0.23100303951367782,1.0,0.13856255329196485,0.13856255329196485,0.13856255329196485,32784.54,True,23.407145701377406,117.03572850688704,117.12727272727274,116.80000000000001,0.977315,3.5948665158402173,0.9990910937499999,88.125,687,200000,2
ga,slack,ga+slack,32,0.95,0,64,30.39987,0.6544795339996199,0.11612136000076134,True,510,167,0.0,0.7425149700598802,0.1831610044313146,1.0,0.27328627576872944,0.27328627576872944,0.27328627576872944,20895.333333333332,True,28.36663950413221,141.83319752066106,141.88429752066116,116.80000000000001,1.0,4.369787422520662,0.9996007812500001,98.4375,696,200000,2
ga,slack,ga+slack,32,0.95,1,64,30.399905,1.5135327940006391,0.11460007799905725,True,480,178,0.0,0.7752808988764045,0.20972644376899696,1.0,0.22923206026674184,0.22923206026674184,0.22923206026674184,24994.55737704918,True,28.193343262809947,140.96671631404973,141.0611570247934,116.80000000000001,1.0,4.342709884814044,0.99922125,98.125,698,200000,2
ga,slack,ga+slack,32,0.95,2,64,30.39995,1.6142684740007098,0.11277739999968617,False,520,168,0.01730769230769231,0.8154761904761905,0.21220930232558138,1.0,0.2027507388225742,0.2027507388225742,0.2027507388225742,24838.98245614035,False,28.19431648595042,140.97158242975212,141.0611570247934,116.80000000000001,1.0,4.342861950929749,0.999263125,98.125,701,200000,2
ga,slack,ga+slack,32,0.95,3,64,30.40012,1.5154797060004057,0.09057758800008742,True,358,164,0.0,0.7195121951219512,0.2260536398467433,1.0,0.29454230902622025,0.29454230902622025,0.29454230902622025,16198.333333333334,True,28.353585510743784,141.76792755371892,141.88429752066116,116.80000000000001,1.0,4.367747736053719,0.9990525,98.4375,566,200000,2
ga,slack,ga+slack,32,0.95,4,64,30.3999,0.6990224059991306,0.1165759010000329,True,504,170,0.0,0.6411764705882353,0.16172106824925817,1.0,0.3844205161845306,0.3844205161845306,0.3844205161845306,15953.720430107527,True,29.13271999999998,145.66359999999992,146.0,116.80000000000001,1.0,4.489487499999998,0.997371875,100.0,718,200000,2
ga,slack,ga+slack,32,0.95,5,64,30.40021,1.6388883119998354,0.09474257900001248,True,458,160,0.0,0.6625,0.1715210355987055,1.0,0.34184763491389686,0.34184763491389686,0.34184763491389686,9580.128571428571,True,28.364053689256195,141.82026844628098,141.88429752066116,116.80000000000001,1.0,4.369383388946277,0.999495625,98.4375,643,200000,2
ga,slack,ga+slack,32,0.95,6,64,30.399865,0.6434886349998123,0.1201796369987278,True,441,179,0.0,0.7821229050279329,0.22580645161290322,1.0,0.22385153846924075,0.22385153846924075,0.22385153846924075,22621.589285714286,True,28.20641139834711,141.03205699173557,141.0611570247934,116.80000000000001,1.0,4.344751780991731,0.99971375,98.125,659,200000,2
ga,slack,ga+slack,32,0.95,7,64,30.399905,1.5212719929986633,0.11087244500049565,True,484,174,0.0,0.764367816091954,0.20212765957446807,1.0,0.24968335821878404,0.24968335821878404,0.24968335821878404,26264.385714285716,True,28.671259596694174,143.35629798347088,143.5305785123967,116.80000000000001,1.0,4.417384311983471,0.9986296875,99.0625,707,200000,2
ga,slack,ga+slack,32,1.0,0,64,32.00012,0.6778344159993139,0.15177908499936166,False,510,167,0.10784313725490197,0.9041916167664671,0.30428360413589367,1.0,0.10765425381914347,0.10765425381914347,0.10765425381914347,19841.0,False,29.199671999999975,145.99835999999988,146.0,116.80000000000001,1.0,4.49994875,0.9999871874999999,100.0,634,200000,2
ga,slack,ga+slack,32,1.0,1,64,31.99991,0.663942101999055,0.1176154349996068,False,480,178,0.20416666666666666,0.9044943820224719,0.39361702127659576,1.0,0.10168349105685257,0.10168349105685257,0.10168349105685257,31095.176470588234,False,29.192928000000016,145.9646400000001,146.0,116.80000000000001,1.0,4.498895000000003,0.99972375,100.0,644,200000,2
ga,slack,ga+slack,32,1.0,2,64,32.000189999999996,0.6579424680003285,0.11332314199898974,False,520,168,0.1673076923076923,0.9226190476190477,0.35174418604651164,1.0,0.09184291990422419,0.09184291990422419,0.09184291990422419,37414.875,False,29.196479999999973,145.98239999999987,146.0,116.80000000000001,1.0,4.499449999999996,0.9998625,100.0,663,200000,2
ga,slack,ga+slack,32,1.0,3,64,32.000015,0.6427127599999949,0.09000363999984984,False,358,164,0.1452513966480447,0.9817073170731707,0.40804597701149425,1.0,0.01842497070052161,0.01842497070052161,0.01842497070052161,57037.27272727273,False,28.541487603305786,142.70743801652895,142.70743801652893,116.80000000000001,1.0,4.39710743801653,1.0,98.75,492,200000,2
ga,slack,ga+slack,32,1.0,4,64,31.999915,0.6678620479997335,0.1532822170011059,False,504,170,0.0496031746031746,1.0,0.2893175074183976,1.0,0.0,0.0,0.0,69118.125,False,29.199999999999974,145.9999999999999,146.0,116.80000000000001,1.0,4.499999999999999,1.0,100.0,613,200000,2
ga,slack,ga+slack,32,1.0,5,64,32.000055,0.6472427159988001,0.10167986700071197,False,458,160,0.06768558951965066,0.93125,0.2912621359223301,1.0,0.06875,0.06875,0.06875,37590.4,False,29.196759999999976,145.9837999999999,146.0,116.80000000000001,1.0,4.499493750000001,0.9998734375,100.0,564,200000,2
ga,slack,ga+slack,32,1.0,6,64,31.999945,0.6525616199996875,0.10420352799883403,False,441,179,0.12698412698412698,0.9497206703910615,0.36451612903225805,1.0,0.05757579399244214,0.05757579399244214,0.05757579399244214,47541.07692307692,False,29.200000000000003,146.00000000000003,146.0,116.80000000000001,1.0,4.499999999999994,1.0,100.0,605,200000,2
ga,slack,ga+slack,32,1.0,7,64,31.999875,0.6357033300009789,0.1047342239999125,False,484,174,0.1652892561983471,0.9712643678160919,0.378419452887538,1.0,0.028735632183908046,0.028735632183908046,0.028735632183908046,37161.666666666664,False,29.199999999999957,145.9999999999998,146.0,116.80000000000001,1.0,4.4999999999999964,1.0,100.0,604,200000,2
ga,slack,ga+slack,8,0.25,0,24,2.00001,0.6580584549992636,0.00689683099881222,True,111,34,0.0,0.0,0.0,1.0,1.0,1.0,1.0,5587.058823529412,True,2.8712861046831955,14.356430523415979,22.26446280991735,30.400000000000002,0.0,1.5445538154269973,0.41160625,70.0,203,200000,3
ga,slack,ga+slack,8,0.25,1,24,2.000015,1.634984878999603,0.01632925299963972,True,163,54,0.0,0.0,0.0,1.0,1.0,1.0,1.0,4807.074074074074,True,2.954151250688705,14.770756253443526,22.26446280991735,30.400000000000002,0.0,1.596344531680441,0.46199999999999997,70.0,295,200000,3
ga,slack,ga+slack,8,0.25,2,24,2.0,1.6556891680011177,0.011631356001089443,True,128,38,0.0,0.0,0.0,1.0,1.0,1.0,1.0,4516.578947368421,True,2.833748055096418,14.168740275482092,22.26446280991735,30.400000000000002,0.0,1.5210925344352617,0.4068375,70.0,228,200000,3
ga,slack,ga+slack,8,0.25,3,24,1.99995,1.6605839069998183,0.013630433000798803,True,191,34,0.0,0.0,0.0,1.0,1.0,1.0,1.0,5213.0,True,2.8567191184572978,14.28359559228649,22.26446280991735,30.400000000000002,0.0,1.5354494490358122,0.4066125,70.0,282,200000,3
ga,slack,ga+slack,8,0.25,4,24,2.00015,0.6086785530005727,0.009408717000042088,True,169,41,0.0,0.0,0.0,1.0,1.0,1.0,1.0,5234.731707317073,True,2.9143221377410473,14.571610688705238,22.26446280991735,30.400000000000002,0.0,1.571451336088154,0.4285575,70.0,275,200000,3
ga,slack,ga+slack,8,0.25,5,24,1.99986,0.616282537999723,0.009219681998729357,True,194,40,0.0,0.0,0.0,1.0,1.0,1.0,1.0,4766.725,True,2.863423338842976,14.317116694214882,22.26446280991735,30.400000000000002,0.0,1.539639586776861,0.41787625,70.0,298,200000,3
ga,slack,ga+slack,8,0.25,6,24,1.9999500000000001,1.631273297000007,0.01344550999965577,True,184,40,0.0,0.0,0.0,1.0,1.0,1.0,1.0,4968.375,True,2.8726909862258942,14.363454931129473,22.26446280991735,30.400000000000002,0.0,1.545431866391184,0.423386875,70.0,272,200000,3
ga,slack,ga+slack,8,0.25,7,24,1.9998799999999999,1.6332564519998414,0.015084482998645399,True,204,36,0.0,0.0,0.0,1.0,1.0,1.0,1.0,5417.805555555556,True,2.868273851239667,14.341369256198336,22.26446280991735,30.400000000000002,0.0,1.542671157024794,0.42088875000000003,70.0,300,200000,3
ga,slack,ga+slack,8,0.5,0,24,3.999945,1.6709851899995556,0.010416031000204384,True,111,34,0.0,0.0,0.0,1.0,1.0,1.0,1.0,5506.382352941177,True,4.571666600550961,22.858333002754808,30.132231404958677,30.400000000000002,0.0,2.6072916253443523,0.63702125,85.0,203,200000,3
ga,slack,ga+slack,8,0.5,1,24,3.999985,0.61448871399989,0.011631039998974302,True,163,54,0.0,0.0,0.0,1.0,1.0,1.0,1.0,4540.685185185185,True,4.666201608815424,23.331008044077123,30.132231404958677,30.400000000000002,0.0,2.6663760055096426,0.6845825,85.0,295,200000,3
ga,slack,ga+slack,8,0.5,2,24,4.00003,0.6245628870001383,0.007912609999038978,True,128,38,0.0,0.0,0.0,1.0,1.0,1.0,1.0,4381.921052631579,True,4.517688484848485,22.588442424242427,30.132231404958677,30.400000000000002,0.0,2.5735553030303038,0.6363025,85.0,228,200000,3
ga,slack,ga+slack,8,0.5,3,24,3.99998,0.6083501180000894,0.009406840999872657,True,191,34,0.0,0.0,0.0,1.0,1.0,1.0,1.0,4816.617647058823,True,4.552830853994491,22.764154269972458,30.132231404958677,30.400000000000002,0.0,2.5955192837465546,0.63310125,85.0,283,200000,3
ga,slack,ga+slack,8,0.5,4,24,4.0,0.6304531429996132,0.009233876999132917,True,169,41,0.0,0.0,0.0,1.0,1.0,1.0,1.0,5069.024390243902,True,4.586441575757576,22.93220787878788,30.132231404958677,30.400000000000002,0.0,2.6165259848484856,0.660851875,85.0,275,200000,3
ga,slack,ga+slack,8,0.5,5,24,4.00005,0.6275602699988667,0.010106679999807966,True,194,40,0.0,0.0,0.0,1.0,1.0,1.0,1.0,4615.125,True,4.526599867768594,22.63299933884297,30.132231404958677,30.400000000000002,0.0,2.579124917355371,0.6524650000000001,85.0,297,200000,3
ga,slack,ga+slack,8,0.5,6,24,3.9999949999999997,0.6105117900006007,0.009640346999731264,True,184,40,0.0,0.0,0.0,1.0,1.0,1.0,1.0,4748.675,True,4.535769157024796,22.678845785123983,30.132231404958677,30.400000000000002,0.0,2.584855723140495,0.657963125,85.0,288,200000,3
ga,slack,ga+slack,8,0.5,7,24,3.99995,0.6499242810004944,0.009776873999726376,True,204,36,0.0,0.0,0.0,1.0,1.0,1.0,1.0,5309.027777777777,True,4.589957079889808,22.94978539944904,30.132231404958677,30.400000000000002,0.0,2.6187231749311293,0.641129375,85.0,300,200000,3
ga,slack,ga+slack,8,0.75,0,24,5.9999649999999995,0.648449588999938,0.008504212999469019,True,184,34,0.0,0.0,0.0,1.0,1.0,1.0,1.0,3581.294117647059,True,5.6689757810835655,28.34487890541783,30.00367309458219,30.400000000000002,0.0,3.2931098631772295,0.93282375,87.5,276,200000,3
ga,slack,ga+slack,8,0.75,1,24,6.00005,0.654944224999781,0.011355104999893229,True,163,54,0.0,0.0,0.0,1.0,1.0,1.0,1.0,3483.925925925926,True,5.881174179614328,29.405870898071644,30.23875114784206,30.400000000000002,0.0,3.4257338622589533,0.9707356250000001,87.5,295,200000,3
ga,slack,ga+slack,8,0.75,2,24,6.000015,0.7079936660011299,0.012212900001031812,True,128,38,0.0,0.0,0.0,1.0,1.0,1.0,1.0,3187.2105263157896,True,5.675562035261705,28.377810176308525,30.121212121212125,30.400000000000002,0.0,3.2972262720385657,0.93331,87.5,228,200000,3
ga,slack,ga+slack,8,0.75,3,24,6.000015,0.6470284040005936,0.008884214999852702,True,154,39,0.0,0.0,0.0,1.0,1.0,1.0,1.0,3534.076923076923,True,5.722899516988063,28.614497584940317,30.121212121212125,30.400000000000002,0.0,3.3268121981175383,0.94210875,87.5,256,200000,3
ga,slack,ga+slack,8,0.75,4,24,6.000045,0.6183948850011802,0.010218928000540473,True,181,44,0.0,0.0,0.0,1.0,1.0,1.0,1.0,3547.2272727272725,True,5.783302329843894,28.916511649219473,30.121212121212125,30.400000000000002,0.0,3.364563956152435,0.95408875,87.5,293,200000,3
ga,slack,ga+slack,8,0.75,5,24,5.999975,0.6425410660012858,0.009962701000404195,True,194,40,0.0,0.0,0.0,1.0,1.0,1.0,1.0,3325.825,True,5.701180753351699,28.505903766758497,30.00367309458219,30.400000000000002,0.0,3.3132379708448125,0.940126875,87.5,298,200000,3
ga,slack,ga+slack,8,0.75,6,24,5.999915,0.6209687980008312,0.008906293000109144,True,173,40,0.0,0.0,0.0,1.0,1.0,1.0,1.0,3331.1,True,5.707050039669429,28.53525019834715,30.121212121212125,30.400000000000002,0.0,3.316906274793389,0.938256875,87.5,277,200000,3
ga,slack,ga+slack,8,0.75,7,24,5.99995,1.0004035880010633,0.01567266100028064,True,182,40,0.0,0.0,0.0,1.0,1.0,1.0,1.0,4027.5,True,5.724605289623509,28.623026448117546,30.121212121212125,30.400000000000002,0.0,3.327878306014692,0.94206,87.5,286,200000,3
ga,slack,ga+slack,8,0.85,0,24,6.799975,1.6598668379992887,0.021659536001607194,True,184,34,0.0,0.8823529411764706,0.13761467889908258,1.0,0.1507447221958352,0.1507447221958352,0.1507447221958352,30566.7,True,6.0477502295684085,30.238751147842045,30.23875114784206,30.400000000000002,0.0,3.529843893480256,1.0,87.5,252,200000,3
ga,slack,ga+slack,8,0.85,1,24,6.79993,0.7713330520000454,0.011362900000676746,True,130,50,0.0,0.82,0.22777777777777777,1.0,0.18,0.18,0.18,14365.272727272728,True,6.024242424242429,30.121212121212146,30.121212121212125,30.400000000000002,0.0,3.5151515151515147,1.0,87.5,215,200000,3
ga,slack,ga+slack,8,0.85,2,24,6.799975,1.6873933599999873,0.015170597000178532,True,128,38,0.0,0.7105263157894737,0.16265060240963855,1.0,0.2894736842105263,0.2894736842105263,0.2894736842105263,12640.75,True,5.998676060973369,29.993380304866847,30.00367309458219,30.400000000000002,0.0,3.4991725381083563,0.999479375,87.5,202,200000,3
ga,slack,ga+slack,8,0.85,3,24,6.80012,0.7121760110003379,0.011959139001191943,True,168,36,0.0,0.8055555555555556,0.14215686274509803,1.0,0.20914086428332432,0.20914086428332432,0.20914086428332432,16741.0,True,5.996826761065199,29.984133805325996,30.00367309458219,30.400000000000002,0.0,3.4980167256657486,0.9991099999999999,87.5,237,200000,3
ga,slack,ga+slack,8,0.85,4,24,6.8,1.6742781630000536,0.020908377999148797,True,181,44,0.0,0.8409090909090909,0.16444444444444445,1.0,0.17324421159648432,0.17324421159648432,0.17324421159648432,19998.0,True,6.022206107621674,30.111030538108373,30.121212121212125,30.400000000000002,0.0,3.5138788172635462,0.999485,87.5,258,200000,3
ga,slack,ga+slack,8,0.85,5,24,6.800045,1.665777721998893,0.02324397600023076,True,194,40,0.0,0.875,0.14957264957264957,1.0,0.125,0.125,0.125,38484.77777777778,True,6.020525498622592,30.102627493112962,30.121212121212125,30.400000000000002,0.0,3.51282843663912,0.9992687499999999,87.5,267,200000,3
ga,slack,ga+slack,8,0.85,6,24,6.79997,0.6425023730007524,0.013623711000036565,True,140,53,0.0,0.7924528301886793,0.21761658031088082,1.0,0.20754716981132076,0.20754716981132076,0.20754716981132076,10707.846153846154,True,6.000734618916436,30.003673094582183,30.00367309458219,30.400000000000002,0.0,3.5004591368227747,1.0,87.5,230,200000,3
ga,slack,ga+slack,8,0.85,7,24,6.800009999999999,0.665201572001024,0.011270725999565911,True,174,35,0.0,0.6857142857142857,0.11483253588516747,1.0,0.3142857142857143,0.3142857142857143,0.3142857142857143,5321.0,True,6.037399127640038,30.18699563820019,30.229935720844814,30.400000000000002,0.0,3.5233744547750248,0.998458125,87.5,245,200000,3
ga,slack,ga+slack,8,0.95,0,24,7.599985,0.6320390149994637,0.012131764000514522,True,184,34,0.0,0.8529411764705882,0.13302752293577982,1.0,0.16089876729695465,0.16089876729695465,0.16089876729695465,27075.555555555555,True,7.2676018876033,36.338009438016506,36.35371900826446,30.400000000000002,1.0,4.292251179752066,0.9993818750000001,97.5,251,200000,3
ga,slack,ga+slack,8,0.95,1,24,7.59998,0.6161662739996245,0.011760244000470266,True,130,50,0.0,0.86,0.2388888888888889,1.0,0.15862500000000002,0.15862500000000002,0.15862500000000002,34661.857142857145,True,7.270743801652893,36.35371900826447,36.35371900826446,30.400000000000002,1.0,4.294214876033057,1.0,97.5,218,200000,3
ga,slack,ga+slack,8,0.95,2,24,7.600015,1.3374163500011491,0.010435505999339512,True,128,38,0.0,0.7368421052631579,0.1686746987951807,1.0,0.2631578947368421,0.2631578947368421,0.2631578947368421,5369.636363636364,True,7.266501160330583,36.33250580165292,36.35371900826446,30.400000000000002,0.997805,4.291563225206612,0.9992806249999999,97.5,201,200000,3
ga,slack,ga+slack,8,0.95,3,24,7.599985,1.688268108999182,0.017439207000279566,True,168,36,0.0,0.6944444444444444,0.12254901960784313,1.0,0.3055555555555556,0.3055555555555556,0.3055555555555556,8536.5,True,7.270743801652886,36.353719008264434,36.35371900826446,30.400000000000002,1.0,4.294214876033056,1.0,97.5,240,200000,3
ga,slack,ga+slack,8,0.95,4,24,7.59999,0.6394046040004469,0.012681518999670516,True,181,44,0.0,0.7727272727272727,0.1511111111111111,1.0,0.22727272727272727,0.22727272727272727,0.22727272727272727,12483.416666666666,True,7.270743801652894,36.35371900826447,36.35371900826446,30.400000000000002,1.0,4.294214876033059,1.0,97.5,260,200000,3
ga,slack,ga+slack,8,0.95,5,24,7.600005,0.6215888900005666,0.014840967998679844,True,194,40,0.0,0.975,0.16666666666666666,1.0,0.025,0.025,0.025,39644.25,True,7.127647507805331,35.638237539026655,35.64811753902663,30.400000000000002,1.0,4.20477969237833,0.99969125,96.25,262,200000,3
ga,slack,ga+slack,8,0.95,6,24,7.60006,0.8202098380006646,0.013123468001140282,True,140,53,0.0,0.8301886792452831,0.22797927461139897,1.0,0.19965637683588058,0.19965637683588058,0.19965637683588058,11114.833333333334,True,7.2707438016528885,36.35371900826445,36.35371900826446,30.400000000000002,1.0,4.294214876033057,1.0,97.5,229,200000,3
ga,slack,ga+slack,8,0.95,7,24,7.59998,0.6349192609995953,0.00933851800073171,True,174,35,0.0,0.5714285714285714,0.09569377990430622,1.0,0.4555213118567192,0.4555213118567192,0.4555213118567192,3504.3125,True,7.40207190082644,37.010359504132204,37.17685950413223,30.400000000000002,0.98507,4.376294938016527,0.994796875,98.75,249,200000,3
ga,slack,ga+slack,8,1.0,0,24,8.000125,0.6409116079994419,0.01356622899947979,False,184,34,0.02717391304347826,1.0,0.17889908256880735,1.0,0.0,0.0,0.0,68820.0,False,7.599999999999995,37.99999999999998,38.0,30.400000000000002,1.0,4.500000000000002,1.0,100.0,240,200000,3
ga,slack,ga+slack,8,1.0,1,24,8.000135,0.6206410960003268,0.011335420000250451,False,130,50,0.07692307692307693,0.92,0.3111111111111111,1.0,0.08,0.08,0.08,3860.75,False,7.599999999999998,37.99999999999999,38.0,30.400000000000002,1.0,4.499999999999995,1.0,100.0,203,200000,3
ga,slack,ga+slack,8,1.0,2,24,8.00003,0.6812887910000427,0.010209895999651053,False,128,38,0.1015625,0.9736842105263158,0.30120481927710846,1.0,0.02631578947368421,0.02631578947368421,0.02631578947368421,47875.5,False,7.599999999999999,38.0,38.0,30.400000000000002,1.0,4.499999999999997,1.0,100.0,187,200000,3
ga,slack,ga+slack,8,1.0,3,24,8.000164999999999,0.6286295070003689,0.012326190000749193,False,168,36,0.02976190476190476,0.9722222222222222,0.19607843137254902,1.0,0.027777777777777776,0.027777777777777776,0.027777777777777776,2650.0,False,7.600000000000003,38.00000000000002,38.0,30.400000000000002,1.0,4.5,1.0,100.0,225,200000,3
ga,slack,ga+slack,8,1.0,4,24,7.999855,0.633282197999506,0.01327462700101023,False,181,44,0.03867403314917127,0.9090909090909091,0.2088888888888889,1.0,0.09090909090909091,0.09090909090909091,0.09090909090909091,16181.4,False,7.600000000000003,38.00000000000002,38.0,30.400000000000002,1.0,4.499999999999999,1.0,100.0,249,200000,3
ga,slack,ga+slack,8,1.0,5,24,7.99998,0.6200859629989282,0.01308965800126316,False,148,47,0.033783783783783786,1.0,0.26666666666666666,1.0,0.0,0.0,0.0,0.0,False,7.6,38.0,38.0,30.400000000000002,1.0,4.499999999999998,1.0,100.0,216,200000,3
ga,slack,ga+slack,8,1.0,6,24,7.999905,0.951640346998829,0.013176798000131384,False,140,53,0.03571428571428571,0.9433962264150944,0.2849740932642487,1.0,0.05660377358490566,0.05660377358490566,0.05660377358490566,1779.6666666666667,False,7.6,38.0,38.0,30.400000000000002,1.0,4.499999999999999,1.0,100.0,217,200000,3
ga,slack,ga+slack,8,1.0,7,24,8.00003,0.6603041480011598,0.011802028999227332,False,174,35,0.022988505747126436,0.8857142857142857,0.1674641148325359,1.0,0.11428571428571428,0.11428571428571428,0.11428571428571428,2066.0,False,7.599599999999997,37.99799999999999,38.0,30.400000000000002,1.0,4.499750000000001,0.9999375,100.0,233,200000,3
ga,slack,ga+slack,16,0.25,0,48,4.00014,1.6889751409999008,0.043499325000084355,True,342,81,0.0,0.0,0.0,1.0,1.0,1.0,1.0,5451.740740740741,True,5.445683471074378,27.22841735537189,41.15151515151515,59.2,0.0,1.5767760847107442,0.4323703125,70.0,528,200000,3
ga,slack,ga+slack,16,0.25,1,48,3.99993,1.7543364800003474,0.035616781999124214,True,276,71,0.0,0.0,0.0,1.0,1.0,1.0,1.0,5148.4647887323945,True,5.329004396694215,26.645021983471075,41.15151515151515,59.2,0.0,1.5403138739669426,0.41002031250000004,70.0,441,200000,3
ga,slack,ga+slack,16,0.25,2,48,3.99999,1.6776409560006869,0.05759295600000769,True,374,102,0.0,0.0,0.0,1.0,1.0,1.0,1.0,5207.294117647059,True,5.51305140863177,27.56525704315885,42.12304866850321,59.2,0.0,1.5978285651974282,0.46111468749999995,69.375,601,200000,3
ga,slack,ga+slack,16,0.25,3,48,3.999925,1.7345553420000215,0.03807501899973431,True,294,77,0.0,0.0,0.0,1.0,1.0,1.0,1.0,5099.922077922078,True,5.397643559228651,26.98821779614326,42.5289256198347,59.2,0.0,1.5617636122589533,0.41468468750000004,70.0,472,200000,3
ga,slack,ga+slack,16,0.25,4,48,3.999985,0.7325798379988555,0.03513482699963788,True,375,91,0.0,0.0,0.0,1.0,1.0,1.0,1.0,5258.373626373626,True,5.420876374655642,27.104381873278214,42.12304866850321,59.2,0.0,1.5690238670798888,0.44750375,69.375,581,200000,3
ga,slack,ga+slack,16,0.25,5,48,3.999955,0.6215222930004529,0.027979919999779668,True,306,88,0.0,0.0,0.0,1.0,1.0,1.0,1.0,5062.818181818182,True,5.419929421487602,27.099647107438013,42.5289256198347,59.2,0.0,1.5687279442148758,0.4373771875,70.0,505,200000,3
ga,slack,ga+slack,16,0.25,6,48,4.000025,0.7259276269996917,0.031084813999768812,True,323,93,0.0,0.0,0.0,1.0,1.0,1.0,1.0,4829.8494623655915,True,5.434613256198344,27.173066280991723,42.5289256198347,59.2,0.0,1.5733166425619831,0.4373521875,70.0,533,200000,3
ga,slack,ga+slack,16,0.25,7,48,4.000085,0.6358093910002935,0.026891343000897905,True,334,80,0.0,0.0,0.0,1.0,1.0,1.0,1.0,5069.2,True,5.400552947658401,27.002764738292008,42.5289256198347,59.2,0.0,1.562672796143251,0.42053375,70.0,518,200000,3
ga,slack,ga+slack,16,0.5,0,48,7.99989,1.3375040970004193,0.031491530000494095,True,342,81,0.0,0.0,0.0,1.0,1.0,1.0,1.0,6185.938271604939,True,8.805082904683195,44.025414523415975,56.723232323232324,59.2,0.0,2.6265884077134984,0.681759375,82.5,527,200000,3
ga,slack,ga+slack,16,0.5,1,48,8.000024999999999,0.6611995220009703,0.02419152199945529,True,276,71,0.0,0.0,0.0,1.0,1.0,1.0,1.0,5148.4647887323945,True,8.367568228833791,41.83784114416896,55.089439853076215,59.2,0.0,2.4898650715105592,0.6702815625,82.5,442,200000,3
ga,slack,ga+slack,16,0.5,2,48,8.000065,1.717682436999894,0.059105226000610855,True,374,102,0.0,0.0,0.0,1.0,1.0,1.0,1.0,5088.186274509804,True,8.533781337741049,42.66890668870525,54.683562901744715,59.2,0.0,2.5418066680440767,0.723586875,81.875,602,200000,3
ga,slack,ga+slack,16,0.5,3,48,8.00002,0.6452109639994887,0.03230339599940635,True,391,83,0.0,0.0,0.0,1.0,1.0,1.0,1.0,4932.879518072289,True,8.457296046648299,42.2864802332415,54.909825528007346,59.2,0.0,2.5179050145775963,0.6840003124999999,81.875,580,200000,3
ga,slack,ga+slack,16,0.5,4,48,7.999965,0.6738984210005583,0.03557912600081181,True,375,91,0.0,0.0,0.0,1.0,1.0,1.0,1.0,4993.780219780219,True,8.670305393939397,43.35152696969699,56.61818181818182,59.2,0.0,2.584470435606059,0.6808715624999999,83.75,579,200000,3
ga,slack,ga+slack,16,0.5,5,48,8.00001,0.630396477999966,0.03010727499895438,True,306,88,0.0,0.0,0.0,1.0,1.0,1.0,1.0,5492.829545454545,True,8.73555263360882,43.67776316804411,56.71184573002755,59.2,0.0,2.6048601980027537,0.68160625,83.125,505,200000,3
ga,slack,ga+slack,16,0.5,6,48,8.000070000000001,0.6910608090001915,0.05124282399992808,True,323,93,0.0,0.0,0.0,1.0,1.0,1.0,1.0,4829.8494623655915,True,8.664527702479331,43.32263851239666,56.61818181818182,59.2,0.0,2.582664907024791,0.678146875,83.75,533,200000,3
ga,slack,ga+slack,16,0.5,7,48,8.00004,0.6464646969998284,0.02865216300051543,True,334,80,0.0,0.0,0.0,1.0,1.0,1.0,1.0,5770.0875,True,8.706831126170801,43.53415563085401,55.98236914600551,59.2,0.0,2.5958847269283747,0.67059625,81.875,517,200000,3
ga,slack,ga+slack,16,0.75,0,48,12.00001,0.655055416000323,0.039135003000410507,True,351,93,0.0,0.0,0.0,1.0,1.0,1.0,1.0,3371.4086021505377,True,11.322919768227734,56.61459884113868,59.18310376492195,59.2,0.0,3.4134124275711644,0.948655625,88.125,561,200000,3
ga,slack,ga+slack,16,0.75,1,48,11.99994,0.6407278919996315,0.025556095999490935,True,276,71,0.0,0.0,0.0,1.0,1.0,1.0,1.0,3828.1408450704225,True,11.106737149678613,55.53368574839307,58.92121212121212,59.2,0.0,3.3458553592745623,0.9399590625,87.5,441,200000,3
ga,slack,ga+slack,16,0.75,2,48,12.0,0.644562378000046,0.04140443399955984,True,374,102,0.0,0.0,0.0,1.0,1.0,1.0,1.0,3486.9313725490197,True,11.41756922938475,57.08784614692375,59.18310376492195,59.2,0.0,3.442990384182734,0.9611943749999999,88.125,602,200000,3
ga,slack,ga+slack,16,0.75,3,48,11.9999,0.6438807169997744,0.03499108200048795,True,391,83,0.0,0.0,0.0,1.0,1.0,1.0,1.0,3590.1927710843374,True,11.185969727456387,55.929848637281935,58.91239669421488,59.2,0.0,3.3706155398301143,0.9463775,87.5,579,200000,3
ga,slack,ga+slack,16,0.75,4,48,12.000115,1.7242368909992365,0.0557937289995607,True,375,91,0.0,0.0,0.0,1.0,1.0,1.0,1.0,3551.736263736264,True,11.262823149678603,56.31411574839302,59.06556473829202,59.2,0.0,3.394632234274563,0.952155,88.125,579,200000,3
ga,slack,ga+slack,16,0.75,5,48,12.00014,1.7410414829992078,0.05731561900029192,True,398,86,0.0,0.023255813953488372,0.004132231404958678,1.0,0.9767441860465116,0.9767441860465116,0.9767441860465116,3692.7738095238096,True,11.232911269054172,56.16455634527087,59.038751147842056,59.2,0.0,3.385284771579429,0.951823125,87.5,589,200000,3
ga,slack,ga+slack,16,0.75,6,48,12.00001,1.7218937020006706,0.05713000699870463,True,364,92,0.0,0.0,0.0,1.0,1.0,1.0,1.0,3349.141304347826,True,11.261065404958678,56.3053270247934,59.18310376492195,59.2,0.0,3.394082939049588,0.9462425,88.125,570,200000,3
ga,slack,ga+slack,16,0.75,7,48,12.000065,1.7178661779998947,0.05394224700103223,True,344,88,0.0,0.0,0.0,1.0,1.0,1.0,1.0,3487.5795454545455,True,11.195567109274554,55.97783554637277,58.70376492194674,59.2,0.0,3.3736147216482983,0.951885625,87.5,544,200000,3
ga,slack,ga+slack,16,0.85,0,48,13.599995,0.643470379000064,0.047471329000472906,True,348,88,0.0,0.8522727272727273,0.1720183486238532,1.0,0.1586749204391369,0.1586749204391369,0.1586749204391369,26207.14814814815,True,11.916420481175386,59.58210240587694,59.6356290174472,59.2,0.99079,3.5988814003673104,0.9991343749999999,88.125,486,200000,3
ga,slack,ga+slack,16,0.85,1,48,13.6,1.0375298649996694,0.050928141999975196,True,329,98,0.0,0.8571428571428571,0.19672131147540983,1.0,0.14285714285714285,0.14285714285714285,0.14285714285714285,21385.05,True,11.758303268319564,58.79151634159782,58.81248852157943,59.2,0.0,3.549469771349861,0.9996575000000001,87.5,471,200000,3
ga,slack,ga+slack,16,0.85,2,48,13.599855,0.9325881519998802,0.056854444001146476,True,374,102,0.0,0.8333333333333334,0.17857142857142858,1.0,0.17477088720315662,0.17477088720315662,0.17477088720315662,33245.5625,True,11.97335069862259,59.86675349311296,59.87988980716254,59.2,0.995865,3.616672093319561,0.9997415625,88.75,532,200000,3
ga,slack,ga+slack,16,0.85,3,48,13.59994,0.6516329200003383,0.049969499999861,True,349,93,0.0,0.7096774193548387,0.1493212669683258,1.0,0.3051379150524364,0.3051379150524364,0.3051379150524364,18268.641025641027,True,11.96782772047749,59.83913860238746,59.87988980716254,59.2,0.98879,3.6149461626492223,0.9991634375,88.75,504,200000,3
ga,slack,ga+slack,16,0.85,4,48,13.600060000000001,0.6643955899999128,0.052242485999158816,True,375,91,0.0,0.6923076923076923,0.1351931330472103,1.0,0.3171224981959081,0.3171224981959081,0.3171224981959081,10561.142857142857,True,11.930028541414138,59.6501427070707,59.65362718089991,59.2,0.99859,3.603133919191917,0.999911875,88.75,525,200000,3
ga,slack,ga+slack,16,0.85,5,48,13.6,0.651661965999665,0.08434391800074081,True,409,91,0.0,0.8461538461538461,0.154,1.0,0.17066428738312134,0.17066428738312134,0.17066428738312134,14943.473684210527,True,11.758267047199261,58.791335235996314,58.81248852157943,59.2,0.0,3.549458452249771,0.999489375,87.5,542,200000,3
ga,slack,ga+slack,16,0.85,6,48,13.600145,0.6300442679985281,0.047376040998642566,True,356,86,0.0,0.686046511627907,0.1334841628959276,1.0,0.3177999279349965,0.3177999279349965,0.3177999279349965,16060.75,True,11.944000648668482,59.72000324334241,59.7623507805326,59.2,0.98792,3.6075002027089083,0.999166875,88.75,502,200000,3
ga,slack,ga+slack,16,0.85,7,48,13.60015,1.7268079469995428,0.07425501499892562,True,344,88,0.0,0.7840909090909091,0.1597222222222222,1.0,0.26630442840439805,0.26630442840439805,0.26630442840439805,20250.63888888889,True,12.038559206611572,60.19279603305786,60.214876033057855,59.2,0.99448,3.6370497520661176,0.999655,88.75,491,200000,3
ga,slack,ga+slack,16,0.95,0,48,15.19995,0.6386410519990022,0.046132626999678905,True,356,81,0.0,0.6790123456790124,0.12585812356979406,1.0,0.3399185966482688,0.3399185966482688,0.3399185966482688,19038.341463414636,True,14.627975900826458,73.1398795041323,73.17685950413224,59.2,1.0,4.446242469008261,0.9994221875,99.375,502,200000,3
ga,slack,ga+slack,16,0.95,1,48,15.20014,0.7295904370002972,0.06341834799968638,False,353,73,0.028328611898016998,0.7534246575342466,0.15258215962441316,1.0,0.2947645931277851,0.2947645931277851,0.2947645931277851,17364.966666666667,False,14.466943801652913,72.33471900826457,72.35371900826446,59.2,1.0,4.39591993801653,0.999703125,98.75,479,200000,3
ga,slack,ga+slack,16,0.95,2,48,15.200015,0.6501838459989813,0.05521711800065532,False,374,102,0.00267379679144385,0.7745098039215687,0.16806722689075632,1.0,0.23715570702328748,0.23715570702328748,0.23715570702328748,29727.394736842107,False,14.627335900826447,73.13667950413225,73.17685950413224,59.2,1.0,4.4460424690082645,0.9993721874999999,99.375,537,200000,3
ga,slack,ga+slack,16,0.95,3,48,15.20011,0.6423090759999468,0.04700389600111521,True,349,93,0.0,0.6236559139784946,0.13122171945701358,1.0,0.4034890200801454,0.4034890200801454,0.4034890200801454,12785.791666666666,True,14.626535900826449,73.13267950413226,73.17685950413224,59.2,1.0,4.44579246900826,0.9993096875,99.375,514,200000,3
ga,slack,ga+slack,16,0.95,4,48,15.19999,0.7068897090011887,0.050822838999010855,True,370,71,0.0,0.8450704225352113,0.1360544217687075,1.0,0.17798460860363985,0.17798460860363985,0.17798460860363985,38943.24324324324,True,14.466291801652897,72.33145900826449,72.35371900826446,59.2,1.0,4.395716188016523,0.9996521875,98.75,502,200000,3
ga,slack,ga+slack,16,0.95,5,48,15.200125,0.9072730299994873,0.05572990300061065,False,355,107,0.0028169014084507044,0.8037383177570093,0.18831168831168832,1.0,0.19626168224299065,0.19626168224299065,0.19626168224299065,15353.814814814816,False,14.455247801652872,72.27623900826437,72.35371900826446,59.2,1.0,4.39226493801653,0.998789375,98.75,512,200000,3
ga,slack,ga+slack,16,0.95,6,48,15.20012,0.642189269001392,0.04526234600052703,True,356,86,0.0,0.6395348837209303,0.1244343891402715,1.0,0.3819271646267466,0.3819271646267466,0.3819271646267466,12365.024390243903,True,14.625411900826458,73.1270595041323,73.17685950413224,59.2,1.0,4.44544121900827,0.9992218749999999,99.375,506,200000,3
ga,slack,ga+slack,16,0.95,7,48,15.19997,0.6377569369997218,0.047836007999649155,True,338,88,0.0,0.7840909090909091,0.1619718309859155,1.0,0.21926434394708505,0.21926434394708505,0.21926434394708505,27735.79411764706,True,14.465491801652895,72.32745900826448,72.35371900826446,59.2,1.0,4.39546618801653,0.9995896875,98.75,483,200000,3
ga,slack,ga+slack,16,1.0,0,48,16.000035,1.6872067980002612,0.059732698999141576,False,282,76,0.03900709219858156,1.0,0.2430167597765363,1.0,0.0,0.0,0.0,119345.0,False,14.799999999999999,74.0,74.0,59.2,1.0,4.5000000000000036,1.0,100.0,379,200000,3
ga,slack,ga+slack,16,1.0,1,48,16.00006,1.0683512640007393,0.04900760800046555,False,346,95,0.0838150289017341,0.9473684210526315,0.2698412698412698,1.0,0.05263157894736842,0.05263157894736842,0.05263157894736842,25694.14285714286,False,14.799999999999995,73.99999999999999,74.0,59.2,1.0,4.499999999999997,1.0,100.0,463,200000,3
ga,slack,ga+slack,16,1.0,2,48,16.000075,1.675701988999208,0.08715395000035642,False,401,95,0.09226932668329177,1.0,0.2661290322580645,1.0,0.0,0.0,0.0,100034.0,False,14.8,74.00000000000001,74.0,59.2,1.0,4.499999999999995,1.0,100.0,511,200000,3
ga,slack,ga+slack,16,1.0,3,48,16.00012,0.6484768570007873,0.05596191800032102,False,369,100,0.02981029810298103,0.96,0.2281449893390192,1.0,0.04,0.04,0.04,27974.4,False,14.799499999999991,73.99749999999996,74.0,59.2,1.0,4.499843750000001,0.9999609375,100.0,489,200000,3
ga,slack,ga+slack,16,1.0,4,48,15.999985,1.7587143540004035,0.07470089500020549,False,370,71,0.062162162162162166,0.9859154929577465,0.2108843537414966,1.0,0.014084507042253521,0.014084507042253521,0.014084507042253521,47520.5,False,14.800000000000027,74.00000000000014,74.0,59.2,1.0,4.500000000000001,1.0,100.0,458,200000,3
ga,slack,ga+slack,16,1.0,5,48,15.99992,0.6319221109988575,0.05365971700121008,False,355,107,0.1323943661971831,0.9813084112149533,0.329004329004329,1.0,0.018691588785046728,0.018691588785046728,0.018691588785046728,82135.0,False,14.800000000000008,74.00000000000004,74.0,59.2,1.0,4.499999999999997,1.0,100.0,468,200000,3
ga,slack,ga+slack,16,1.0,6,48,15.999935,1.7090532340007485,0.07069269699968572,False,333,81,0.06606606606606606,1.0,0.24879227053140096,1.0,0.0,0.0,0.0,0.0,False,14.800000000000008,74.00000000000004,74.0,59.2,1.0,4.499999999999999,1.0,100.0,431,200000,3
ga,slack,ga+slack,16,1.0,7,48,15.99995,0.6931257380001625,0.0463502000002336,False,313,95,0.0670926517571885,0.9894736842105263,0.2818627450980392,1.0,0.010526315789473684,0.010526315789473684,0.010526315789473684,45602.5,False,14.799999999999994,73.99999999999997,74.0,59.2,1.0,4.499999999999999,1.0,100.0,424,200000,3
ga,slack,ga+slack,32,0.25,0,96,7.99985,0.8086335900006816,0.10888745199918048,True,670,167,0.0,0.0,0.0,1.0,1.0,1.0,1.0,5893.976047904192,True,10.20725736639119,51.036286831955955,78.52819100091827,116.80000000000001,0.0,1.5323839634986207,0.45728125,67.8125,1027,200000,3
ga,slack,ga+slack,32,0.25,1,96,7.999695,0.6729006389996357,0.10709030399993935,True,700,164,0.0,0.0,0.0,1.0,1.0,1.0,1.0,6447.378048780488,True,9.985001810101005,49.92500905050503,72.17226813590449,116.80000000000001,0.0,1.4976565328282823,0.4717896875,65.0,1051,200000,3
ga,slack,ga+slack,32,0.25,2,96,8.000315,0.9944490360012423,0.14794886900017445,True,680,190,0.0,0.0,0.0,1.0,1.0,1.0,1.0,5939.547368421053,True,10.12619630192839,50.630981509641956,76.97300275482093,116.80000000000001,0.0,1.5197181721763078,0.48767734375,66.875,1082,200000,3
ga,slack,ga+slack,32,0.25,3,96,7.999885,0.6612701329995616,0.10910841100121615,True,718,173,0.0,0.0,0.0,1.0,1.0,1.0,1.0,5990.346820809248,True,10.243946936639096,51.21973468319548,77.28668503213957,116.80000000000001,0.0,1.53811670884986,0.46167953125,66.875,1085,200000,3
ga,slack,ga+slack,32,0.25,4,96,8.00001,0.6672841810013779,0.09878010799911863,True,610,155,0.0,0.0,0.0,1.0,1.0,1.0,1.0,5679.148387096774,True,9.898039240036727,49.49019620018364,77.45895316804406,116.80000000000001,0.0,1.4840686312557376,0.44813312499999997,66.5625,939,200000,3
ga,slack,ga+slack,32,0.25,5,96,8.00012,1.7497774300009041,0.16849875199841335,True,704,175,0.0,0.0,0.0,1.0,1.0,1.0,1.0,5630.897142857143,True,10.435147708356299,52.1757385417815,74.08852157943066,116.80000000000001,0.0,1.5679918294306676,0.43970125,68.4375,1075,200000,3
ga,slack,ga+slack,32,0.25,6,96,8.000025,0.6617876420004905,0.1038129399985337,True,656,173,0.0,0.0,0.0,1.0,1.0,1.0,1.0,5731.35260115607,True,10.432575867768593,52.16287933884297,75.11294765840219,116.80000000000001,0.0,1.567589979338841,0.44463484375000006,67.8125,1024,200000,3
ga,slack,ga+slack,32,0.25,7,96,8.000095,0.9748667950007075,0.10447177999958512,True,646,180,0.0,0.0,0.0,1.0,1.0,1.0,1.0,5707.25,True,10.371082866483007,51.855414332415044,78.50431588613405,116.80000000000001,0.0,1.5579816978879704,0.45457078125000006,67.8125,1029,200000,3
ga,slack,ga+slack,32,0.5,0,96,15.999975000000001,0.709262136999314,0.11902953699973295,True,716,157,0.0,0.0,0.0,1.0,1.0,1.0,1.0,6275.08280254777,True,16.578929504499538,82.89464752249769,102.60899908172635,116.80000000000001,0.0,2.5279577350780538,0.6992378125,78.75,1050,200000,3
ga,slack,ga+slack,32,0.5,1,96,16.00009,0.6606512350008416,0.15082586299831746,True,700,164,0.0,0.0,0.0,1.0,1.0,1.0,1.0,5641.451219512195,True,15.787356010284679,78.9367800514234,99.2811753902663,116.80000000000001,0.0,2.404274376606978,0.7355921875,77.5,1051,200000,3
ga,slack,ga+slack,32,0.5,2,96,16.000155,0.6694945149993146,0.1583165439988079,True,680,190,0.0,0.0,0.0,1.0,1.0,1.0,1.0,5275.394736842105,True,15.8798998530762,79.39949926538101,100.28246097337006,116.80000000000001,0.0,2.418734352043157,0.7443675000000001,79.375,1082,200000,3
ga,slack,ga+slack,32,0.5,3,96,16.0,0.6625315710007271,0.1550170350001281,True,707,179,0.0,0.0,0.0,1.0,1.0,1.0,1.0,5405.849162011174,True,15.610884910192846,78.05442455096424,96.36253443526171,116.80000000000001,0.0,2.37670076721763,0.74703359375,76.875,1089,200000,3
ga,slack,ga+slack,32,0.5,4,96,15.999935,1.1562689900001715,0.15096116499989876,True,610,155,0.0,0.0,0.0,1.0,1.0,1.0,1.0,5450.8967741935485,True,16.12651148833792,80.6325574416896,102.33351698806244,116.80000000000001,0.0,2.4572674200528004,0.69516109375,79.375,942,200000,3
ga,slack,ga+slack,32,0.5,5,96,16.000005,0.6814507300005062,0.1650036290011485,True,743,197,0.0,0.0,0.0,1.0,1.0,1.0,1.0,6027.203045685279,True,16.22690640918273,81.13453204591366,99.10156106519743,116.80000000000001,0.0,2.472954126434802,0.7648140625,77.1875,1158,200000,3
ga,slack,ga+slack,32,0.5,6,96,16.000055,1.685519992000991,0.17881329199917673,True,656,173,0.0,0.0,0.0,1.0,1.0,1.0,1.0,5450.774566473989,True,16.147874596510576,80.73937298255288,99.41818181818181,116.80000000000001,0.0,2.460605405704773,0.72204546875,78.4375,1023,200000,3
ga,slack,ga+slack,32,0.5,7,96,15.99997,1.7626468750004278,0.1852252659991791,True,646,180,0.0,0.0,0.0,1.0,1.0,1.0,1.0,5235.772222222222,True,15.960608485583105,79.80304242791553,99.04683195592285,116.80000000000001,0.0,2.4313450758723576,0.73108015625,78.125,1028,200000,3
ga,slack,ga+slack,32,0.75,0,96,23.99986,1.7614957539990428,0.20857872499982477,True,756,168,0.0,0.0,0.0,1.0,1.0,1.0,1.0,3315.214285714286,True,22.018646662626256,110.0932333131313,115.69843893480258,116.80000000000001,0.0,3.377913541035356,0.94639765625,87.5,1115,200000,3
ga,slack,ga+slack,32,0.75,1,96,23.99983,1.7912565149999864,0.2402157590004208,True,729,192,0.0,0.09375,0.019543973941368076,1.0,0.9109393511770514,0.9109393511770514,0.9109393511770514,4167.7683615819205,True,21.701574357392094,108.50787178696048,111.50266299357209,116.80000000000001,0.0,3.3283709933425136,0.98493234375,84.6875,1121,200000,3
ga,slack,ga+slack,32,0.75,2,96,24.000035,0.8085589479996997,0.1736659399994096,True,752,169,0.0,0.0,0.0,1.0,1.0,1.0,1.0,3550.94674556213,True,21.983606483011915,109.91803241505959,114.05179063360882,116.80000000000001,0.0,3.372438512970613,0.9614521874999999,86.5625,1110,200000,3
ga,slack,ga+slack,32,0.75,3,96,24.00001,0.676900819000366,0.1440938969990384,True,692,166,0.0,0.0,0.0,1.0,1.0,1.0,1.0,3717.259036144578,True,22.012150846648304,110.06075423324152,115.3366391184573,116.80000000000001,0.0,3.3768985697887968,0.95025953125,87.1875,1045,200000,3
ga,slack,ga+slack,32,0.75,4,96,23.99979,0.6847451809990162,0.1436640379997698,True,610,155,0.0,0.0,0.0,1.0,1.0,1.0,1.0,3621.1935483870966,True,21.942830246464634,109.71415123232318,116.51239669421487,116.80000000000001,0.0,3.366067226010097,0.94280640625,87.5,941,200000,3
ga,slack,ga+slack,32,0.75,5,96,23.99981,0.6845810819995677,0.10801887100024032,True,676,141,0.0,0.0,0.0,1.0,1.0,1.0,1.0,3802.31914893617,True,21.87434666005509,109.37173330027545,116.43048668503215,116.80000000000001,0.0,3.3553666656336087,0.93544953125,87.8125,981,200000,3
ga,slack,ga+slack,32,0.75,6,96,24.00001,0.6592564420006966,0.12472602599882521,True,678,167,0.0,0.0,0.0,1.0,1.0,1.0,1.0,3488.7784431137725,True,22.078419471074387,110.39209735537194,116.78310376492195,116.80000000000001,0.0,3.3872530423553697,0.9452415624999999,87.8125,1035,200000,3
ga,slack,ga+slack,32,0.75,7,96,24.00019,0.6826855599992996,0.13128212700030417,True,695,181,0.0,0.0,0.0,1.0,1.0,1.0,1.0,3645.6298342541436,True,21.873426315518795,109.36713157759398,112.06170798898071,116.80000000000001,0.0,3.355222861799817,0.97520765625,85.9375,1081,200000,3
ga,slack,ga+slack,32,0.85,0,96,27.2001,1.759167158999844,0.28556718999971054,True,756,168,0.0,0.6904761904761905,0.12554112554112554,1.0,0.3241389795794585,0.3241389795794585,0.3241389795794585,27849.159574468085,True,24.19345309090911,120.96726545454555,121.30578512396696,116.80000000000001,0.97998,3.717727045454549,0.9967771875,90.625,1040,200000,3
ga,slack,ga+slack,32,0.85,1,96,27.19989,0.8147657540012005,0.15213104900067265,True,703,144,0.0,0.5347222222222222,0.09090909090909091,1.0,0.49231243390633417,0.49231243390633417,0.49231243390633417,13459.033333333333,True,24.13319934876035,120.66599674380176,121.17024793388431,116.80000000000001,0.966305,3.7083123982438035,0.9956465625,90.3125,959,200000,3
ga,slack,ga+slack,32,0.85,2,96,27.19989,0.7861739180007135,0.17483531500147365,True,637,200,0.0,0.615,0.14695340501792115,1.0,0.4040972604445686,0.4040972604445686,0.4040972604445686,11970.73,True,23.92616024132231,119.63080120661157,119.65950413223142,116.80000000000001,0.991,3.675962537706613,0.99971765625,90.0,958,200000,3
ga,slack,ga+slack,32,0.85,3,96,27.200095,1.51797206899937,0.15014707499904034,True,729,158,0.0,0.41139240506329117,0.07328072153325817,1.0,0.6044968370259262,0.6044968370259262,0.6044968370259262,6161.442307692308,True,24.22778827695135,121.13894138475676,121.76712580348945,116.80000000000001,0.954785,3.7230919182736435,0.994254375,90.625,1011,200000,3
ga,slack,ga+slack,32,0.85,4,96,27.200085,0.6755592950012215,0.16113059099916427,True,639,175,0.0,0.4685714285714286,0.10073710073710074,1.0,0.5551408869431915,0.5551408869431915,0.5551408869431915,10087.365217391305,True,24.393898697520648,121.96949348760324,122.12892561983472,116.80000000000001,0.996255,3.749046671487604,0.9984954687500001,90.9375,949,200000,3
ga,slack,ga+slack,32,0.85,5,96,27.199845,0.6678078029999597,0.15652565299933485,True,655,183,0.0,0.6010928961748634,0.13126491646778043,1.0,0.42739874986712145,0.42739874986712145,0.42739874986712145,10483.813186813188,True,23.884263818181815,119.42131909090908,119.65950413223142,116.80000000000001,0.97301,3.66941622159091,0.99765703125,90.0,949,200000,3
ga,slack,ga+slack,32,0.85,6,96,27.199885,0.6771109669989528,0.1601381600012246,True,678,167,0.0,0.5449101796407185,0.1076923076923077,1.0,0.5050278525934381,0.5050278525934381,0.5050278525934381,12842.181818181818,True,24.285579892745673,121.42789946372838,121.65840220385677,116.80000000000001,0.98005,3.732121858241505,0.9978803125,90.625,976,200000,3
ga,slack,ga+slack,32,0.85,7,96,27.199905,0.6794805240006099,0.17965592099972127,True,706,183,0.0,0.5628415300546448,0.11586051743532058,1.0,0.4371584699453552,0.4371584699453552,0.4371584699453552,11108.41237113402,True,23.987442657851233,119.93721328925618,120.00330578512398,116.80000000000001,0.99514,3.6855379152892533,0.9993356250000001,90.0,1010,200000,3
ga,slack,ga+slack,32,0.95,0,96,30.39994,1.7074605870002415,0.15890613900046446,True,665,172,0.0,0.5755813953488372,0.11827956989247312,1.0,0.442719159820341,0.442719159820341,0.442719159820341,12108.135416666666,True,29.178668000000034,145.8933400000002,146.0,116.80000000000001,1.0,4.496666874999996,0.99916671875,100.0,955,200000,3
ga,slack,ga+slack,32,0.95,1,96,30.400009999999998,1.7395733379999,0.12427835800008324,True,619,161,0.0,0.4968944099378882,0.10256410256410256,1.0,0.5194642413530374,0.5194642413530374,0.5194642413530374,7490.881720430108,True,29.132031999999988,145.66015999999996,146.0,116.80000000000001,1.0,4.4893799999999935,0.9973449999999999,100.0,896,200000,3
ga,slack,ga+slack,32,0.95,2,96,30.399875,0.6930487989993708,0.1707463029997598,True,637,200,0.0,0.615,0.14695340501792115,1.0,0.408534318478846,0.408534318478846,0.408534318478846,11651.356435643564,True,29.19525200000001,145.97626000000005,146.0,116.80000000000001,1.0,4.4992581249999954,0.99981453125,100.0,960,200000,3
ga,slack,ga+slack,32,0.95,3,96,30.40007,1.7168045259986684,0.1806094879993907,True,802,181,0.0,0.6464088397790055,0.1190233977619532,1.0,0.3778874890273565,0.3778874890273565,0.3778874890273565,16219.875,True,29.135068000000008,145.67534000000006,146.0,116.80000000000001,0.999115,4.489854374999995,0.99746359375,100.0,1090,200000,3
ga,slack,ga+slack,32,0.95,4,96,30.400100000000002,0.6504124290004256,0.14629274000071746,True,710,162,0.0,0.5061728395061729,0.09403669724770643,1.0,0.5064346293775839,0.5064346293775839,0.5064346293775839,7547.05376344086,True,29.143504000000025,145.71752000000015,146.0,116.80000000000001,1.0,4.491172499999995,0.997793125,100.0,988,200000,3
ga,slack,ga+slack,32,0.95,5,96,30.399905,0.6964076009990094,0.1494643999994878,True,655,183,0.0,0.5628415300546448,0.12291169451073986,1.0,0.4595142707166281,0.4595142707166281,0.4595142707166281,9817.663265306122,True,29.157420000000005,145.78710000000004,146.0,116.80000000000001,1.0,4.493346874999997,0.9983367187500001,100.0,959,200000,3
ga,slack,ga+slack,32,0.95,6,96,30.40002,1.6562033440004598,0.13681972099948325,True,612,159,0.0,0.610062893081761,0.125810635538262,1.0,0.41100223919428214,0.41100223919428214,0.41100223919428214,14642.258823529412,True,29.001895900826455,145.0094795041323,145.17685950413224,116.80000000000001,1.0,4.4690462345041215,0.9986923437499999,99.6875,875,200000,3
ga,slack,ga+slack,32,0.95,7,96,30.399865000000002,0.7118787510007678,0.17121982100070454,True,701,183,0.0,0.6338797814207651,0.13122171945701358,1.0,0.38442727105904717,0.38442727105904717,0.38442727105904717,13915.595744680852,True,29.12932400000003,145.64662000000015,146.0,116.80000000000001,1.0,4.488956874999987,0.99723921875,100.0,1000,200000,3
ga,slack,ga+slack,32,1.0,0,96,32.000055,1.104137702999651,0.14990438700078812,False,657,158,0.0471841704718417,0.9873417721518988,0.2294478527607362,1.0,0.012658227848101266,0.012658227848101266,0.012658227848101266,53993.0,False,29.19976399999999,145.99881999999997,146.0,116.80000000000001,1.0,4.499963124999997,0.99999078125,100.0,797,200000,3
ga,slack,ga+slack,32,1.0,1,96,32.00005,0.6812395239994657,0.1699445909998758,False,652,173,0.08128834355828221,0.9190751445086706,0.25696969696969696,1.0,0.08092485549132948,0.08092485549132948,0.08092485549132948,28940.75,False,29.2,146.0,146.0,116.80000000000001,1.0,4.500000000000001,1.0,100.0,853,200000,3
ga,slack,ga+slack,32,1.0,2,96,31.9999,0.6911618529993575,0.17760744699990028,False,697,156,0.11190817790530846,0.967948717948718,0.268464243845252,1.0,0.03205128205128205,0.03205128205128205,0.03205128205128205,57410.57142857143,False,29.20000000000005,146.00000000000026,146.0,116.80000000000001,1.0,4.500000000000003,1.0,100.0,872,200000,3
ga,slack,ga+slack,32,1.0,3,96,31.99987,0.6738735889994132,0.21114296300038404,False,802,181,0.07605985037406483,0.988950276243094,0.2441505595116989,1.0,0.011049723756906077,0.011049723756906077,0.011049723756906077,23125.0,False,29.199439999999992,145.99719999999996,146.0,116.80000000000001,1.0,4.499912499999998,0.9999781249999999,100.0,990,200000,3
ga,slack,ga+slack,32,1.0,4,96,31.99989,0.6706332720004866,0.1723692099985783,False,656,168,0.06402439024390244,0.9702380952380952,0.2487864077669903,1.0,0.02976190476190476,0.02976190476190476,0.02976190476190476,34264.57142857143,False,29.200000000000003,146.00000000000003,146.0,116.80000000000001,1.0,4.499999999999995,1.0,100.0,835,200000,3
ga,slack,ga+slack,32,1.0,5,96,32.000105,0.6903650830008701,0.1822740649986372,False,655,183,0.06564885496183206,0.9781420765027322,0.2649164677804296,1.0,0.02185792349726776,0.02185792349726776,0.02185792349726776,18883.6,False,29.199999999999992,145.99999999999997,146.0,116.80000000000001,1.0,4.499999999999992,1.0,100.0,851,200000,3
ga,slack,ga+slack,32,1.0,6,96,31.99998,1.0963174209991848,0.14673720300015702,False,678,172,0.0471976401179941,1.0,0.24,1.0,0.0,0.0,0.0,64669.0,False,29.200000000000003,146.00000000000003,146.0,116.80000000000001,1.0,4.500000000000003,1.0,100.0,854,200000,3
ga,slack,ga+slack,32,1.0,7,96,32.000205,0.6990034399987053,0.14962330799971824,False,583,174,0.04631217838765009,0.9942528735632183,0.26420079260237783,1.0,0.005747126436781609,0.005747126436781609,0.005747126436781609,70505.75,False,29.200000000000028,146.00000000000014,146.0,116.80000000000001,1.0,4.4999999999999964,1.0,100.0,732,200000,3
ga,slack,ga+slack,8,0.25,0,32,1.999925,1.0735171750002337,0.009349534999273601,True,196,38,0.0,0.0,0.0,1.0,1.0,1.0,1.0,5030.5,True,2.861756088154267,14.308780440771336,22.26446280991735,30.400000000000002,0.0,1.5385975550964188,0.41876312499999996,70.0,296,200000,4
ga,slack,ga+slack,8,0.25,1,32,2.000075,1.0692743540002994,0.009439067000130308,True,198,41,0.0,0.0,0.0,1.0,1.0,1.0,1.0,5103.829268292683,True,2.8868669090909096,14.434334545454549,22.26446280991735,30.400000000000002,0.0,1.5542918181818186,0.43005125,70.0,304,200000,4
ga,slack,ga+slack,8,0.25,2,32,1.99997,1.697828913000194,0.01789010100037558,True,169,50,0.0,0.0,0.0,1.0,1.0,1.0,1.0,5519.9,True,2.9863338402203854,14.931669201101927,22.26446280991735,30.400000000000002,0.0,1.6164586501377416,0.46989125,70.0,293,200000,4
ga,slack,ga+slack,8,0.25,3,32,1.9999850000000001,1.6849158350014477,0.012610992998816073,True,182,32,0.0,0.0,0.0,1.0,1.0,1.0,1.0,4762.40625,True,2.809381928374656,14.046909641873281,22.26446280991735,30.400000000000002,0.0,1.5058637052341601,0.39429625,70.0,267,200000,4
ga,slack,ga+slack,8,0.25,4,32,1.99996,0.6415222399991762,0.00974600999870745,True,205,38,0.0,0.0,0.0,1.0,1.0,1.0,1.0,5266.8421052631575,True,2.882284991735537,14.411424958677687,22.26446280991735,30.400000000000002,0.0,1.5514281198347097,0.422400625,70.0,305,200000,4
ga,slack,ga+slack,8,0.25,5,32,2.0,0.8091586210011883,0.01759760599998117,True,252,42,0.0,0.0,0.0,1.0,1.0,1.0,1.0,4665.428571428572,True,2.8660040440771337,14.33002022038567,22.26446280991735,30.400000000000002,0.0,1.5412525275482087,0.422351875,70.0,360,200000,4
ga,slack,ga+slack,8,0.25,6,32,1.999955,0.6971129479989031,0.015202270000372664,True,189,41,0.0,0.0,0.0,1.0,1.0,1.0,1.0,4995.170731707317,True,2.880083482093663,14.400417410468316,22.26446280991735,30.400000000000002,0.0,1.550052176308539,0.42740999999999996,70.0,295,200000,4
ga,slack,ga+slack,8,0.25,7,32,1.99993,1.6476035100004083,0.01679951199912466,True,230,41,0.0,0.0,0.0,1.0,1.0,1.0,1.0,5064.292682926829,True,2.8897966721763075,14.448983360881538,22.26446280991735,30.400000000000002,0.0,1.5561229201101932,0.42774875,70.0,336,200000,4
ga,slack,ga+slack,8,0.5,0,32,4.000055,1.7002187790003518,0.015395747999718878,True,196,38,0.0,0.0,0.0,1.0,1.0,1.0,1.0,4959.315789473684,True,4.506520418732785,22.53260209366393,30.132231404958677,30.400000000000002,0.0,2.5665752617079876,0.65783625,85.0,295,200000,4
ga,slack,ga+slack,8,0.5,1,32,4.000005,0.6147106610005721,0.010816525000336696,True,198,41,0.0,0.0,0.0,1.0,1.0,1.0,1.0,4876.585365853659,True,4.576077542699724,22.88038771349862,30.132231404958677,30.400000000000002,0.0,2.6100484641873276,0.6582281249999999,85.0,304,200000,4
ga,slack,ga+slack,8,0.5,2,32,3.999895,0.6462451980005426,0.013187956999900052,True,169,50,0.0,0.0,0.0,1.0,1.0,1.0,1.0,4469.5,True,4.0731554975206645,20.365777487603324,24.576308539944904,30.400000000000002,0.0,2.295722185950414,0.784180625,77.5,293,200000,4
ga,slack,ga+slack,8,0.5,3,32,3.999975,0.6118264079996152,0.0085838609993516,True,182,32,0.0,0.0,0.0,1.0,1.0,1.0,1.0,4644.09375,True,4.47358473829201,22.367923691460053,30.132231404958677,30.400000000000002,0.0,2.5459904614325053,0.628583125,85.0,269,200000,4
ga,slack,ga+slack,8,0.5,4,32,4.000015,0.6420164969986217,0.010570430998996017,True,205,38,0.0,0.0,0.0,1.0,1.0,1.0,1.0,5184.789473684211,True,4.547926787878785,22.739633939393926,30.132231404958677,30.400000000000002,0.0,2.592454242424244,0.6563575,85.0,305,200000,4
ga,slack,ga+slack,8,0.5,5,32,3.999915,0.6359357590008585,0.012487722000514623,True,252,42,0.0,0.0,0.0,1.0,1.0,1.0,1.0,4636.0,True,4.516615977961433,22.58307988980717,30.132231404958677,30.400000000000002,0.0,2.572884986225896,0.6599550000000001,85.0,360,200000,4
ga,slack,ga+slack,8,0.5,6,32,4.000045,0.6400722700000188,0.009802472000956186,True,189,41,0.0,0.0,0.0,1.0,1.0,1.0,1.0,4901.390243902439,True,4.535662677685947,22.678313388429736,30.132231404958677,30.400000000000002,0.0,2.584789173553718,0.66383625,85.0,295,200000,4
ga,slack,ga+slack,8,0.5,7,32,3.999975,1.1232460890005314,0.010556043998803943,True,230,41,0.0,0.0,0.0,1.0,1.0,1.0,1.0,4915.195121951219,True,4.563843570247937,22.81921785123969,30.132231404958677,30.400000000000002,0.0,2.602402231404958,0.6596575,85.0,335,200000,4
ga,slack,ga+slack,8,0.75,0,32,5.999925,0.7211969599993608,0.01153685899953416,True,197,46,0.0,0.0,0.0,1.0,1.0,1.0,1.0,3699.7391304347825,True,5.822193820752986,29.110969103764933,30.00367309458219,30.400000000000002,0.0,3.3888711379706153,0.9634518750000001,87.5,313,200000,4
ga,slack,ga+slack,8,0.75,1,32,5.999975,1.585708517999592,0.01103408800008765,True,198,41,0.0,0.0,0.0,1.0,1.0,1.0,1.0,3699.682926829268,True,5.764500418732784,28.822502093663925,30.23875114784206,30.400000000000002,0.0,3.3528127617079893,0.9512475,87.5,304,200000,4
ga,slack,ga+slack,8,0.75,2,32,5.999985,0.6673864790009247,0.011816003001513309,True,169,50,0.0,0.04,0.0091324200913242,1.0,0.9734689655172414,0.9734689655172414,0.9734689655172414,4290.244897959184,True,5.875598674747474,29.37799337373737,30.00367309458219,30.400000000000002,0.0,3.422249171717173,0.97505625,87.5,292,200000,4
ga,slack,ga+slack,8,0.75,3,32,5.99992,0.7875987400002487,0.015463955000086571,True,196,40,0.0,0.0,0.0,1.0,1.0,1.0,1.0,3648.55,True,5.732146863544536,28.66073431772268,30.00367309458219,30.400000000000002,0.0,3.332591789715337,0.947095625,87.5,300,200000,4
ga,slack,ga+slack,8,0.75,4,32,5.999905,0.6479224100003194,0.010288770999977714,True,205,38,0.0,0.0,0.0,1.0,1.0,1.0,1.0,3645.9473684210525,True,5.74290713719008,28.714535685950406,30.121212121212125,30.400000000000002,0.0,3.339316960743803,0.9437525,87.5,305,200000,4
ga,slack,ga+slack,8,0.75,5,32,5.999905,0.6296524590015906,0.01193340600002557,True,252,42,0.0,0.0,0.0,1.0,1.0,1.0,1.0,3225.3809523809523,True,5.71571427327824,28.578571366391202,30.00367309458219,30.400000000000002,0.0,3.322321420798899,0.9416875,87.5,360,200000,4
ga,slack,ga+slack,8,0.75,6,32,5.999975,0.6407246220005618,0.010135598000488244,True,189,41,0.0,0.0,0.0,1.0,1.0,1.0,1.0,4241.121951219512,True,5.741282687603308,28.70641343801654,30.121212121212125,30.400000000000002,0.0,3.3383016797520666,0.9479375000000001,87.5,295,200000,4
ga,slack,ga+slack,8,0.75,7,32,5.999955,0.6258589200006099,0.012411151999913272,True,230,41,0.0,0.0,0.0,1.0,1.0,1.0,1.0,3630.829268292683,True,5.759533883930214,28.797669419651072,30.121212121212125,30.400000000000002,0.0,3.3497086774563827,0.9474568750000001,87.5,336,200000,4
ga,slack,ga+slack,8,0.85,0,32,6.80019,1.7334947190011007,0.024939592000009725,True,197,46,0.0,0.7608695652173914,0.1440329218106996,1.0,0.2391304347826087,0.2391304347826087,0.2391304347826087,17862.214285714286,True,5.9983805660238785,29.991902830119393,30.00367309458219,30.400000000000002,0.0,3.4989878537649237,0.999536875,87.5,281,200000,4
ga,slack,ga+slack,8,0.85,1,32,6.800135,1.6993480159999308,0.023411457001202507,True,198,41,0.0,0.8292682926829268,0.14225941422594143,1.0,0.17073170731707318,0.17073170731707318,0.17073170731707318,16899.1,True,5.997989051239669,29.989945256198347,30.00367309458219,30.400000000000002,0.0,3.4987431570247947,0.999305625,87.5,272,200000,4
ga,slack,ga+slack,8,0.85,2,32,6.799925,1.7203032790002908,0.02420800199979567,True,169,50,0.0,0.88,0.2009132420091324,1.0,0.12,0.12,0.12,15256.25,True,6.0242424242424235,30.12121212121212,30.121212121212125,30.400000000000002,0.0,3.515151515151516,1.0,87.5,251,200000,4
ga,slack,ga+slack,8,0.85,3,32,6.79992,1.7202414570001565,0.021172740000110934,True,196,40,0.0,0.775,0.13135593220338984,1.0,0.24682297154899896,0.24682297154899896,0.24682297154899896,6961.363636363636,True,5.997688010651976,29.988440053259882,30.00367309458219,30.400000000000002,0.0,3.4985550066574853,0.999400625,87.5,271,200000,4
ga,slack,ga+slack,8,0.85,4,32,6.799945,0.6717693539994798,0.015617242999724112,True,205,38,0.0,0.8421052631578947,0.13168724279835392,1.0,0.1613273915144629,0.1613273915144629,0.1613273915144629,27173.0,True,5.997608589164374,29.98804294582187,30.00367309458219,30.400000000000002,0.0,3.4985053682277347,0.999385,87.5,276,200000,4
ga,slack,ga+slack,8,0.85,5,32,6.799995,0.6433353849988634,0.019467149999400135,True,252,42,0.0,0.8809523809523809,0.12585034013605442,1.0,0.1211538068680926,0.1211538068680926,0.1211538068680926,35409.666666666664,True,5.996801945270889,29.984009726354447,30.00367309458219,30.400000000000002,0.0,3.498001215794306,0.999198125,87.5,327,200000,4
ga,slack,ga+slack,8,0.85,6,32,6.799975,1.660534689999622,0.021847493000677787,True,189,41,0.0,0.8048780487804879,0.14347826086956522,1.0,0.21161302607776378,0.21161302607776378,0.21161302607776378,4440.888888888889,True,6.024242424242423,30.121212121212114,30.121212121212125,30.400000000000002,0.0,3.515151515151514,1.0,87.5,263,200000,4
ga,slack,ga+slack,8,0.85,7,32,6.7999,0.6209845170014887,0.016255317999821273,True,240,36,0.0,0.7222222222222222,0.09420289855072464,1.0,0.2777777777777778,0.2777777777777778,0.2777777777777778,5798.909090909091,True,6.01928653663912,30.0964326831956,30.121212121212125,30.400000000000002,0.0,3.512054085399449,0.999185,87.5,311,200000,4
ga,slack,ga+slack,8,0.95,0,32,7.59985,0.6441526290000184,0.016476105000037933,True,197,46,0.0,0.8913043478260869,0.16872427983539096,1.0,0.10869565217391304,0.10869565217391304,0.10869565217391304,2964.0,True,7.106115702479336,35.53057851239668,35.530578512396694,30.400000000000002,1.0,4.191322314049587,1.0,96.25,272,200000,4
ga,slack,ga+slack,8,0.95,1,32,7.600015,0.6563376960002643,0.013636542000313057,True,198,41,0.0,0.7804878048780488,0.13389121338912133,1.0,0.21951219512195122,0.21951219512195122,0.21951219512195122,3078.777777777778,True,7.268755801652887,36.343779008264434,36.35371900826446,30.400000000000002,1.0,4.292972376033055,0.999689375,97.5,271,200000,4
ga,slack,ga+slack,8,0.95,2,32,7.599895,0.8231215159994463,0.016035628999816254,True,169,50,0.0,0.84,0.1917808219178082,1.0,0.16,0.16,0.16,15535.777777777777,True,7.270743801652893,36.35371900826447,36.35371900826446,30.400000000000002,1.0,4.294214876033057,1.0,97.5,252,200000,4
ga,slack,ga+slack,8,0.95,3,32,7.59997,1.0027772020002885,0.014066825999179855,True,196,40,0.0,0.8,0.13559322033898305,1.0,0.22496028477288776,0.22496028477288776,0.22496028477288776,4345.444444444444,True,7.265147801652886,36.325739008264435,36.35371900826446,30.400000000000002,1.0,4.290717376033059,0.999125625,97.5,269,200000,4
ga,slack,ga+slack,8,0.95,4,32,7.600005,0.6744465379997564,0.015328888999647461,True,205,38,0.0,0.8157894736842105,0.12757201646090535,1.0,0.18421052631578946,0.18421052631578946,0.18421052631578946,20623.9,True,7.263655801652891,36.318279008264454,36.35371900826446,30.400000000000002,1.0,4.289784876033055,0.9988925,97.5,277,200000,4
ga,slack,ga+slack,8,0.95,5,32,7.6,0.6386492990004626,0.019337117000759463,True,252,42,0.0,0.9523809523809523,0.1360544217687075,1.0,0.047619047619047616,0.047619047619047616,0.047619047619047616,47925.75,True,7.1059837024793415,35.52991851239671,35.530578512396694,30.400000000000002,1.0,4.1912398140495855,0.999979375,96.25,321,200000,4
ga,slack,ga+slack,8,0.95,6,32,7.59995,0.6305702659992676,0.019234892999520525,True,222,49,0.0,0.8979591836734694,0.16236162361623616,1.0,0.11782603052444322,0.11782603052444322,0.11782603052444322,34498.72727272727,True,7.2707438016529,36.353719008264505,36.35371900826446,30.400000000000002,1.0,4.2942148760330525,1.0,97.5,306,200000,4
ga,slack,ga+slack,8,0.95,7,32,7.59989,0.6282305090007867,0.015868451999267563,True,253,40,0.0,0.75,0.10238907849829351,1.0,0.25,0.25,0.25,3353.9,True,7.270712033057856,36.35356016528928,36.35371900826446,30.400000000000002,1.0,4.294195020661157,0.99999375,97.5,327,200000,4
ga,slack,ga+slack,8,1.0,0,32,7.99993,0.8228310219983541,0.016956198000116274,False,197,46,0.03553299492385787,0.9782608695652174,0.2139917695473251,1.0,0.021739130434782608,0.021739130434782608,0.021739130434782608,1065.0,False,7.600000000000001,38.00000000000001,38.0,30.400000000000002,1.0,4.499999999999999,1.0,100.0,263,200000,4
ga,slack,ga+slack,8,1.0,1,32,7.999885,0.6684583759997622,0.016974811000181944,False,198,41,0.04040404040404041,0.975609756097561,0.200836820083682,1.0,0.024390243902439025,0.024390243902439025,0.024390243902439025,42000.0,False,7.599999999999995,37.99999999999998,38.0,30.400000000000002,1.0,4.499999999999993,1.0,100.0,261,200000,4
ga,slack,ga+slack,8,1.0,2,32,7.999975,0.6558492409985774,0.016545910000786535,False,169,50,0.029585798816568046,0.98,0.2465753424657534,1.0,0.02,0.02,0.02,1402.0,False,7.599999999999995,37.99999999999998,38.0,30.400000000000002,1.0,4.499999999999999,1.0,100.0,239,200000,4
ga,slack,ga+slack,8,1.0,3,32,7.999925,0.6775207489990862,0.016559634001168888,False,196,40,0.04081632653061224,1.0,0.2033898305084746,1.0,0.0,0.0,0.0,0.0,False,7.6,38.0,38.0,30.400000000000002,1.0,4.5,1.0,100.0,257,200000,4
ga,slack,ga+slack,8,1.0,4,32,8.000035,0.8443673670008138,0.016166300998520455,False,205,38,0.07317073170731707,0.9736842105263158,0.2139917695473251,1.0,0.02631578947368421,0.02631578947368421,0.02631578947368421,1511.0,False,7.600000000000003,38.00000000000002,38.0,30.400000000000002,1.0,4.499999999999999,1.0,100.0,262,200000,4
ga,slack,ga+slack,8,1.0,5,32,7.9998949999999995,0.6535917540004448,0.019801495000137947,False,252,42,0.08333333333333333,1.0,0.21428571428571427,1.0,0.0,0.0,0.0,0.0,False,7.599999999999998,37.99999999999999,38.0,30.400000000000002,1.0,4.4999999999999964,1.0,100.0,313,200000,4
ga,slack,ga+slack,8,1.0,6,32,7.999875,1.6733469099999638,0.03034843100067519,False,222,49,0.02252252252252252,1.0,0.1992619926199262,1.0,0.0,0.0,0.0,0.0,False,7.599999999999999,38.0,38.0,30.400000000000002,1.0,4.499999999999997,1.0,100.0,292,200000,4
ga,slack,ga+slack,8,1.0,7,32,8.000045,1.7001048820002325,0.03062960799979919,False,253,40,0.023715415019762844,1.0,0.15699658703071673,1.0,0.0,0.0,0.0,0.0,False,7.600000000000003,38.00000000000002,38.0,30.400000000000002,1.0,4.4999999999999964,1.0,100.0,314,200000,4
ga,slack,ga+slack,16,0.25,0,64,3.99988,0.6463800609999453,0.02846357800081023,True,418,68,0.0,0.0,0.0,1.0,1.0,1.0,1.0,4908.779411764706,True,5.292073311294764,26.460366556473826,42.5289256198347,59.2,0.0,1.5287729097796128,0.3992865625,70.0,578,200000,4
ga,slack,ga+slack,16,0.25,1,64,4.00008,1.7088035679989844,0.05254873400008364,True,397,81,0.0,0.0,0.0,1.0,1.0,1.0,1.0,5062.506172839506,True,5.404028550964188,27.020142754820945,42.5289256198347,59.2,0.0,1.5637589221763077,0.4222909375,70.0,582,200000,4
ga,slack,ga+slack,16,0.25,2,64,4.000075,1.7763231919998361,0.06802496599993901,True,540,100,0.0,0.0,0.0,1.0,1.0,1.0,1.0,5011.23,True,5.538768341597798,27.693841707988994,42.5289256198347,59.2,0.0,1.6058651067493108,0.4496190625,70.0,763,200000,4
ga,slack,ga+slack,16,0.25,3,64,4.000085,0.768223108998427,0.03253264799968747,True,420,78,0.0,0.0,0.0,1.0,1.0,1.0,1.0,5041.602564102564,True,5.300143269054179,26.5007163452709,42.12304866850321,59.2,0.0,1.5312947715794316,0.4215778124999999,69.375,599,200000,4
ga,slack,ga+slack,16,0.25,4,64,3.99996,1.7101734330008185,0.05554986899915093,True,525,78,0.0,0.0,0.0,1.0,1.0,1.0,1.0,5027.038461538462,True,5.29699501928374,26.4849750964187,42.12304866850321,59.2,0.0,1.5303109435261706,0.4213903125,69.375,705,200000,4
ga,slack,ga+slack,16,0.25,5,64,4.000055,0.7969926969999506,0.041727018000528915,True,420,93,0.0,0.0,0.0,1.0,1.0,1.0,1.0,5270.709677419355,True,5.485034677685946,27.425173388429734,42.5289256198347,59.2,0.0,1.5890733367768588,0.4509109375,70.0,628,200000,4
ga,slack,ga+slack,16,0.25,6,64,3.99998,1.1432392419992539,0.0590211470007489,True,431,97,0.0,0.0,0.0,1.0,1.0,1.0,1.0,4838.237113402062,True,5.489784661157023,27.448923305785115,42.5289256198347,59.2,0.0,1.5905577066115697,0.44028375,70.0,646,200000,4
ga,slack,ga+slack,16,0.25,7,64,3.99997,0.6759748100012075,0.03649319399846718,True,456,83,0.0,0.0,0.0,1.0,1.0,1.0,1.0,5365.903614457831,True,5.3586046589531735,26.79302329476587,41.799449035812664,59.2,0.0,1.5495639559228667,0.4337540625,68.75,646,200000,4
ga,slack,ga+slack,16,0.5,0,64,7.999885,0.6567176339995058,0.029746651998721063,True,418,68,0.0,0.0,0.0,1.0,1.0,1.0,1.0,4908.779411764706,True,8.428073639302097,42.14036819651049,55.91258034894398,59.2,0.0,2.50877301228191,0.6506865625,83.125,578,200000,4
ga,slack,ga+slack,16,0.5,1,64,7.999945,0.8395631719995436,0.03725792300065223,True,397,81,0.0,0.0,0.0,1.0,1.0,1.0,1.0,5023.20987654321,True,8.416800711845724,42.08400355922862,55.089439853076215,59.2,0.0,2.5052502224517905,0.685858125,82.5,582,200000,4
ga,slack,ga+slack,16,0.5,2,64,7.99995,0.6774625529997138,0.047775975999684306,True,540,100,0.0,0.0,0.0,1.0,1.0,1.0,1.0,4724.38,True,8.427024271809,42.135121359045,54.41946740128558,59.2,0.0,2.5084450849403117,0.71538375,82.5,762,200000,4
ga,slack,ga+slack,16,0.5,3,64,8.00006,0.6436951889991178,0.031187618000330986,True,420,78,0.0,0.0,0.0,1.0,1.0,1.0,1.0,5227.538461538462,True,8.491258312947659,42.4562915647383,56.19467401285583,59.2,0.0,2.5285182227961434,0.6661271875000001,83.125,600,200000,4
ga,slack,ga+slack,16,0.5,4,64,7.999765,0.7343236640008399,0.05253512499984936,True,525,78,0.0,0.0,0.0,1.0,1.0,1.0,1.0,4749.294871794872,True,8.299605512213036,41.498027561065186,55.24260789715335,59.2,0.0,2.4686267225665746,0.67293625,83.125,704,200000,4
ga,slack,ga+slack,16,0.5,5,64,7.999855,0.6825708129999839,0.04236504299842636,True,420,93,0.0,0.0,0.0,1.0,1.0,1.0,1.0,5543.935483870968,True,8.867249534986227,44.33624767493114,56.71184573002755,59.2,0.0,2.6460154796831983,0.685728125,83.125,629,200000,4
ga,slack,ga+slack,16,0.5,6,64,7.999915,0.6654969970004458,0.041616513999542804,True,431,97,0.0,0.0,0.0,1.0,1.0,1.0,1.0,4923.639175257732,True,8.585372754820936,42.92686377410468,55.38916437098255,59.2,0.0,2.5579289858815413,0.69881625,82.5,647,200000,4
ga,slack,ga+slack,16,0.5,7,64,8.000145,0.6722390519989858,0.036237293999874964,True,456,83,0.0,0.0,0.0,1.0,1.0,1.0,1.0,5053.6626506024095,True,8.415323287786958,42.07661643893479,54.412855831037646,59.2,0.0,2.5047885274334214,0.6934856249999999,81.25,644,200000,4
ga,slack,ga+slack,16,0.75,0,64,12.000125,0.6775010180008394,0.04140130000087083,True,490,73,0.0,0.0,0.0,1.0,1.0,1.0,1.0,3849.6301369863013,True,11.12586752727272,55.6293376363636,58.81248852157943,59.2,0.0,3.3518336022727273,0.941864375,87.5,658,200000,4
ga,slack,ga+slack,16,0.75,1,64,11.99981,0.6358778650010208,0.036179962999085546,True,397,81,0.0,0.0,0.0,1.0,1.0,1.0,1.0,3581.8518518518517,True,11.174058419100076,55.87029209550038,59.06556473829202,59.2,0.0,3.366893255968778,0.9412925,88.125,583,200000,4
ga,slack,ga+slack,16,0.75,2,64,12.00016,0.985791691000486,0.07696897700043337,True,540,100,0.0,0.0,0.0,1.0,1.0,1.0,1.0,3500.7,True,11.392157257300276,56.96078628650139,59.17428833792471,59.2,0.0,3.4350491429063363,0.9600784375,88.125,753,200000,4
ga,slack,ga+slack,16,0.75,3,64,12.00003,1.7167887499999779,0.06296152499999152,True,456,83,0.0,0.0,0.0,1.0,1.0,1.0,1.0,3310.759036144578,True,11.134943079522484,55.674715397612424,59.17428833792471,59.2,0.0,3.3546697123507814,0.9368996875,88.125,646,200000,4
ga,slack,ga+slack,16,0.75,4,64,11.999915,1.7523258479996002,0.06455507700047747,True,525,78,0.0,0.0,0.0,1.0,1.0,1.0,1.0,3508.974358974359,True,11.108429827364562,55.542149136822815,58.80367309458219,59.2,0.0,3.346384321051424,0.9405281249999999,87.5,703,200000,4
ga,slack,ga+slack,16,0.75,5,64,12.00013,1.7145583759993315,0.07226269200145907,True,503,88,0.0,0.0,0.0,1.0,1.0,1.0,1.0,3904.2727272727275,True,11.319632732415062,56.598163662075315,58.93002754820937,59.2,0.0,3.4123852288797023,0.957301875,87.5,702,200000,4
ga,slack,ga+slack,16,0.75,6,64,11.999955,0.9864229850008996,0.0484335490000376,True,431,97,0.0,0.0,0.0,1.0,1.0,1.0,1.0,3497.865979381443,True,11.328380302662985,56.641901513314934,59.17428833792471,59.2,0.0,3.415118844582185,0.9532553125000001,88.125,649,200000,4
ga,slack,ga+slack,16,0.75,7,64,12.00004,0.6721616089998861,0.040124778999597766,True,456,83,0.0,0.0,0.0,1.0,1.0,1.0,1.0,3600.843373493976,True,11.178715128007353,55.893575640036765,58.79485766758494,59.2,0.0,3.3683484775022956,0.9463890625,87.5,645,200000,4
ga,slack,ga+slack,16,0.85,0,64,13.599965000000001,0.6494057309992058,0.05621983099990757,True,423,79,0.0,0.7468354430379747,0.11752988047808766,1.0,0.2665837921127337,0.2665837921127337,0.2665837921127337,16033.6875,True,11.951969696602387,59.759848483011936,59.7623507805326,59.2,0.998665,3.609990530188248,0.9999165624999999,88.75,558,200000,4
ga,slack,ga+slack,16,0.85,1,64,13.59996,1.7029800039999827,0.07951240100010182,True,397,81,0.0,0.7530864197530864,0.12761506276150628,1.0,0.24814058323308727,0.24814058323308727,0.24814058323308727,17158.25,True,11.807471065564743,59.03735532782372,59.06556473829202,59.2,0.0,3.564834707988981,0.9992865625,88.125,530,200000,4
ga,slack,ga+slack,16,0.85,2,64,13.599925,1.7306643829997483,0.11097101700033818,True,540,100,0.0,0.82,0.128125,1.0,0.18953978405392718,0.18953978405392718,0.18953978405392718,26722.242424242424,True,11.971364612672195,59.85682306336098,60.00624426078972,59.2,0.971145,3.6160514414600544,0.996898125,88.75,696,200000,4
ga,slack,ga+slack,16,0.85,3,64,13.599895,0.6684898019993852,0.0817253740005981,True,562,100,0.0,0.74,0.11178247734138973,1.0,0.2806515443491459,0.2806515443491459,0.2806515443491459,12596.722222222223,True,11.995928619651059,59.979643098255295,59.997428833792476,59.2,0.996145,3.6237276936409555,0.9995940625,88.75,722,200000,4
ga,slack,ga+slack,16,0.85,4,64,13.59974,0.6680774229989765,0.060262359998887405,True,368,86,0.0,0.6744186046511628,0.1277533039647577,1.0,0.32559019853382953,0.32559019853382953,0.32559019853382953,11276.972222222223,True,12.021734049586787,60.10867024793394,60.11496786042241,59.2,0.99813,3.6317918904958684,0.9998125,88.75,514,200000,4
ga,slack,ga+slack,16,0.85,5,64,13.59974,0.6849785029990016,0.07648780999988958,True,480,96,0.0,0.7291666666666666,0.12152777777777778,1.0,0.28575325862285866,0.28575325862285866,0.28575325862285866,19181.48717948718,True,12.108480132966028,60.54240066483014,60.58549127640037,59.2,0.983375,3.6589000415518784,0.9989006250000001,89.375,638,200000,4
ga,slack,ga+slack,16,0.85,6,64,13.600085,0.6938236750011129,0.07861657600005856,True,526,93,0.0,0.7849462365591398,0.11793214862681745,1.0,0.21505376344086022,0.21505376344086022,0.21505376344086022,19350.296296296296,True,11.970033806427923,59.85016903213962,59.861891643709825,59.2,0.99631,3.615635564508723,0.9997693750000001,88.125,670,200000,4
ga,slack,ga+slack,16,0.85,7,64,13.600075,0.6728062849997514,0.06637615100044059,True,466,94,0.0,0.7340425531914894,0.12321428571428572,1.0,0.2753308508947263,0.2753308508947263,0.2753308508947263,16358.21052631579,True,11.950923025527986,59.75461512763994,59.7623507805326,59.2,0.997565,3.6096634454775036,0.9998478125,88.75,621,200000,4
ga,slack,ga+slack,16,0.95,0,64,15.20006,0.890056378000736,0.0516168039994227,True,423,79,0.0,0.6075949367088608,0.09561752988047809,1.0,0.42339028819665164,0.42339028819665164,0.42339028819665164,8148.923076923077,True,14.628319900826435,73.14159950413219,73.17685950413224,59.2,1.0,4.446349969008267,0.9994490625,99.375,565,200000,4
ga,slack,ga+slack,16,0.95,1,64,15.200085,0.6467944269988948,0.049379054999008076,True,397,81,0.0,0.6172839506172839,0.10460251046025104,1.0,0.4020305574525946,0.4020305574525946,0.4020305574525946,10689.439024390244,True,14.629655900826432,73.14827950413216,73.17685950413224,59.2,1.0,4.446767469008266,0.9995534375,99.375,542,200000,4
ga,slack,ga+slack,16,0.95,2,64,15.19998,0.6904516720005631,0.07051044800027739,True,540,100,0.0,0.66,0.103125,1.0,0.34410962950611856,0.34410962950611856,0.34410962950611856,14667.5,True,14.788792000000011,73.94396000000006,74.0,59.2,1.0,4.496497499999989,0.9991243750000001,100.0,710,200000,4
ga,slack,ga+slack,16,0.95,3,64,15.199885,0.6698382559989113,0.07244770299985248,True,562,100,0.0,0.63,0.09516616314199396,1.0,0.3794239102555941,0.3794239102555941,0.3794239102555941,8916.844444444445,True,14.781767999999985,73.90883999999993,74.0,59.2,1.0,4.494302499999999,0.998575625,100.0,730,200000,4
ga,slack,ga+slack,16,0.95,4,64,15.200075,1.3384066080016055,0.048125520999747096,True,368,86,0.0,0.5813953488372093,0.11013215859030837,1.0,0.4298871892872105,0.4298871892872105,0.4298871892872105,14399.176470588236,True,14.78189600000001,73.90948000000006,74.0,59.2,1.0,4.494342499999999,0.998585625,100.0,529,200000,4
ga,slack,ga+slack,16,0.95,5,64,15.20028,0.6561433650003892,0.061710500998742646,True,480,96,0.0,0.5729166666666666,0.0954861111111111,1.0,0.4410719837748867,0.4410719837748867,0.4410719837748867,7353.955555555555,True,14.795468000000009,73.97734000000005,74.0,59.2,1.0,4.498583750000002,0.9996459375,100.0,644,200000,4
ga,slack,ga+slack,16,0.95,6,64,15.200145,0.6807278600008431,0.0732530429995677,True,526,93,0.0,0.6989247311827957,0.1050080775444265,1.0,0.31458353308569914,0.31458353308569914,0.31458353308569914,18409.511627906977,True,14.62607590082643,73.13037950413216,73.17685950413224,59.2,1.0,4.445648719008262,0.99927375,99.375,686,200000,4
ga,slack,ga+slack,16,0.95,7,64,15.200185,1.7408803889993578,0.09106559199972253,True,466,94,0.0,0.6276595744680851,0.10535714285714286,1.0,0.3884885197141221,0.3884885197141221,0.3884885197141221,13030.91489361702,True,14.784495999999992,73.92247999999996,74.0,59.2,1.0,4.495155,0.99878875,100.0,630,200000,4
ga,slack,ga+slack,16,1.0,0,64,15.9999,1.7234941059996345,0.10721111100065173,False,469,79,0.023454157782515993,1.0,0.16423357664233576,1.0,0.0,0.0,0.0,0.0,False,14.8,74.00000000000001,74.0,59.2,1.0,4.499999999999996,1.0,100.0,564,200000,4
ga,slack,ga+slack,16,1.0,1,64,16.0001,0.6320580610008619,0.056752833999780705,False,397,81,0.05793450881612091,0.9876543209876543,0.21548117154811716,1.0,0.012345679012345678,0.012345679012345678,0.012345679012345678,1423.0,False,14.8,74.00000000000001,74.0,59.2,1.0,4.499999999999997,1.0,100.0,494,200000,4
ga,slack,ga+slack,16,1.0,2,64,16.000125,0.9802737350000825,0.12665613999888592,False,540,100,0.020370370370370372,1.0,0.1734375,1.0,0.0,0.0,0.0,42724.0,False,14.800000000000008,74.00000000000004,74.0,59.2,1.0,4.500000000000004,1.0,100.0,658,200000,4
ga,slack,ga+slack,16,1.0,3,64,15.999905,1.7460467019991484,0.13777830000071845,False,562,100,0.02491103202846975,0.99,0.17069486404833836,1.0,0.01,0.01,0.01,2044.0,False,14.799740000000009,73.99870000000006,74.0,59.2,1.0,4.499918749999996,0.9999796875,100.0,675,200000,4
ga,slack,ga+slack,16,1.0,4,64,15.99989,0.6895261049994588,0.05753989999902842,False,368,86,0.03804347826086957,1.0,0.22026431718061673,1.0,0.0,0.0,0.0,97075.0,False,14.800000000000002,74.00000000000001,74.0,59.2,1.0,4.499999999999999,1.0,100.0,468,200000,4
ga,slack,ga+slack,16,1.0,5,64,15.999865,0.6467201150007895,0.09443149899925629,False,530,94,0.02830188679245283,1.0,0.17467948717948717,1.0,0.0,0.0,0.0,96430.0,False,14.800000000000004,74.00000000000003,74.0,59.2,1.0,4.499999999999999,1.0,100.0,639,200000,4
ga,slack,ga+slack,16,1.0,6,64,16.0,1.765656310999475,0.10681730400028755,False,428,95,0.028037383177570093,1.0,0.2045889101338432,1.0,0.0,0.0,0.0,0.0,False,14.8,74.00000000000001,74.0,59.2,1.0,4.499999999999997,1.0,100.0,538,200000,4
ga,slack,ga+slack,16,1.0,7,64,16.00014,1.7280199319993699,0.10950348200094595,False,466,94,0.030042918454935622,1.0,0.19285714285714287,1.0,0.0,0.0,0.0,89185.66666666667,False,14.799999999999994,73.99999999999997,74.0,59.2,1.0,4.499999999999997,1.0,100.0,573,200000,4
ga,slack,ga+slack,32,0.25,0,128,7.99995,0.678678807000324,0.16666429900033108,True,892,173,0.0,0.0,0.0,1.0,1.0,1.0,1.0,5692.959537572255,True,9.990754294582182,49.953771472910915,76.3625344352617,116.80000000000001,0.0,1.4985553585284646,0.4716117187500001,66.25,1262,200000,4
ga,slack,ga+slack,32,0.25,1,128,8.000105,0.7078147809988877,0.1831695660002879,True,814,191,0.0,0.0,0.0,1.0,1.0,1.0,1.0,5619.507853403142,True,9.945730573002763,49.72865286501382,75.81267217630852,116.80000000000001,0.0,1.4915204020316803,0.492470625,65.9375,1217,200000,4
ga,slack,ga+slack,32,0.25,2,128,7.99981,0.7347066610000184,0.2947014519995719,True,872,218,0.0,0.0,0.0,1.0,1.0,1.0,1.0,5946.6100917431195,True,10.428936028650138,52.144680143250696,78.1230486685032,116.80000000000001,0.0,1.5670212544765814,0.5083434375,66.5625,1328,200000,4
ga,slack,ga+slack,32,0.25,3,128,7.999775,0.6755865359991731,0.18058872199981124,True,958,174,0.0,0.0,0.0,1.0,1.0,1.0,1.0,5203.8218390804595,True,10.245636202754824,51.228181013774126,79.70578512396693,116.80000000000001,0.0,1.5383806566804394,0.44655921875000004,68.125,1324,200000,4
ga,slack,ga+slack,32,0.25,4,128,8.000045,0.7112928850001481,0.16858884899920668,True,901,167,0.0,0.0,0.0,1.0,1.0,1.0,1.0,5849.347305389221,True,10.032068305234162,50.16034152617082,77.25913682277317,116.80000000000001,0.0,1.5050106726928343,0.46644890625,66.5625,1256,200000,4
ga,slack,ga+slack,32,0.25,5,128,8.000115,0.6944158320002316,0.18802747700101463,True,984,181,0.0,0.0,0.0,1.0,1.0,1.0,1.0,5678.8950276243095,True,10.073849980165305,50.369249900826524,78.23544536271808,116.80000000000001,0.0,1.5115390594008256,0.47022078125,67.1875,1366,200000,4
ga,slack,ga+slack,32,0.25,6,128,7.999895,0.8481541629989806,0.18174063300102716,True,978,179,0.0,0.0,0.0,1.0,1.0,1.0,1.0,6556.860335195531,True,10.26423639302112,51.3211819651056,76.05619834710743,116.80000000000001,0.0,1.541286936409549,0.480779375,66.25,1348,200000,4
ga,slack,ga+slack,32,0.25,7,128,8.00013,0.6941629630000534,0.12360315600017202,True,849,171,0.0,0.0,0.0,1.0,1.0,1.0,1.0,5727.0935672514615,True,9.820191396510552,49.100956982552766,75.13351698806242,116.80000000000001,0.0,1.4719049057047737,0.47686125,65.625,1214,200000,4
ga,slack,ga+slack,32,0.5,0,128,15.999905,0.7064078509993124,0.1402301449998049,True,892,173,0.0,0.0,0.0,1.0,1.0,1.0,1.0,5514.156069364162,True,16.271009285950427,81.35504642975214,102.9010101010101,116.80000000000001,0.0,2.479845200929749,0.7148043749999999,79.6875,1261,200000,4
ga,slack,ga+slack,32,0.5,1,128,15.999985,0.6788453070003015,0.14734743100052583,True,814,191,0.0,0.0,0.0,1.0,1.0,1.0,1.0,5214.544502617801,True,16.125427826997242,80.62713913498622,101.27235996326905,116.80000000000001,0.0,2.4570980979683177,0.7364646875,79.0625,1216,200000,4
ga,slack,ga+slack,32,0.5,2,128,16.000145,0.7226599219993659,0.18093829800091044,True,872,218,0.0,0.0,0.0,1.0,1.0,1.0,1.0,5397.1100917431195,True,16.101568842975205,80.50784421487603,99.34949494949495,116.80000000000001,0.0,2.453370131714876,0.7766293750000001,78.125,1327,200000,4
ga,slack,ga+slack,32,0.5,3,128,15.999915,1.6817222310000943,0.1549662300003547,True,958,174,0.0,0.0,0.0,1.0,1.0,1.0,1.0,5436.522988505747,True,15.960369317539035,79.80184658769518,101.24848484848485,116.80000000000001,0.0,2.43130770586547,0.732665625,78.75,1328,200000,4
ga,slack,ga+slack,32,0.5,4,128,15.99993,0.7239651159998175,0.15091304199995648,True,901,167,0.0,0.0,0.0,1.0,1.0,1.0,1.0,5729.934131736527,True,15.430537756106508,77.15268878053254,95.52176308539944,116.80000000000001,0.0,2.348521524391641,0.753935,76.5625,1255,200000,4
ga,slack,ga+slack,32,0.5,5,128,15.999755,1.7783457469995483,0.24551522599904274,True,984,181,0.0,0.0,0.0,1.0,1.0,1.0,1.0,5851.685082872928,True,15.982875520661137,79.9143776033057,98.67548209366392,116.80000000000001,0.0,2.434824300103303,0.7478484375000001,77.1875,1370,200000,4
ga,slack,ga+slack,32,0.5,6,128,15.999805,1.8478461579998111,0.2592251360001683,True,978,179,0.0,0.0,0.0,1.0,1.0,1.0,1.0,5352.234636871508,True,15.645074857300276,78.22537428650139,96.4951331496786,116.80000000000001,0.0,2.3820429464531663,0.753475,77.1875,1358,200000,4
ga,slack,ga+slack,32,0.5,7,128,15.999895,1.8351308190012787,0.21120288600104686,True,849,171,0.0,0.0,0.0,1.0,1.0,1.0,1.0,5601.631578947368,True,16.13135024536271,80.65675122681355,101.97171717171717,116.80000000000001,0.0,2.4580234758379245,0.7216682812499999,79.0625,1214,200000,4
ga,slack,ga+slack,32,0.75,0,128,24.00001,1.8062096110006678,0.24950256000010995,True,965,177,0.0,0.0,0.0,1.0,1.0,1.0,1.0,3748.084745762712,True,22.21973244664829,111.09866223324146,114.72433425160698,116.80000000000001,0.0,3.409333194788792,0.9676145312500001,86.25,1327,200000,4
ga,slack,ga+slack,32,0.75,1,128,23.99989,1.7449585209997167,0.23568401400007133,True,814,191,0.0,0.0,0.0,1.0,1.0,1.0,1.0,3578.832460732984,True,22.415714806611586,112.07857403305793,115.91808999081726,116.80000000000001,0.0,3.4399554385330537,0.9685943749999999,86.875,1216,200000,4
ga,slack,ga+slack,32,0.75,2,128,24.00014,0.6991830860006303,0.17948837299991283,True,872,218,0.0,0.0,0.0,1.0,1.0,1.0,1.0,3492.5688073394494,True,22.680610619283783,113.40305309641893,116.80991735537191,116.80000000000001,0.602555,3.481345409263086,0.9686760937500001,88.125,1322,200000,4
ga,slack,ga+slack,32,0.75,3,128,23.99996,0.76840461699976,0.16323444900081086,True,895,164,0.0,0.0,0.0,1.0,1.0,1.0,1.0,3799.1646341463415,True,22.107301242607907,110.53650621303954,116.32433425160698,116.80000000000001,0.0,3.3917658191574853,0.9481482812500001,87.5,1240,200000,4
ga,slack,ga+slack,32,0.75,4,128,23.999975,0.7047730009999214,0.16582095400008257,True,941,173,0.0,0.0,0.0,1.0,1.0,1.0,1.0,3858.901734104046,True,22.470677953719004,112.35338976859504,116.88815426997246,116.80000000000001,0.588225,3.4485434302685904,0.95933140625,87.1875,1306,200000,4
ga,slack,ga+slack,32,0.75,5,128,24.000235,0.7053761110000778,0.187642398999742,True,941,192,0.0,0.0,0.0,1.0,1.0,1.0,1.0,3743.5520833333335,True,22.51688992910928,112.5844496455464,116.60348943985308,116.80000000000001,0.0,3.4557640514233205,0.9648132812500001,87.5,1348,200000,4
ga,slack,ga+slack,32,0.75,6,128,24.000015,0.6997527439998521,0.17736244899970188,True,978,179,0.0,0.0782122905027933,0.012100259291270527,1.0,0.9302854459187828,0.9302854459187828,0.9302854459187828,4169.9702380952385,True,21.674979764922014,108.37489882461009,111.31166207529844,116.80000000000001,0.0,3.32421558826905,0.9811979687500001,85.0,1341,200000,4
ga,slack,ga+slack,32,0.75,7,128,24.00001,0.7558191240004817,0.2350306600001204,True,849,171,0.0,0.21052631578947367,0.03529411764705882,1.0,0.7987344065229629,0.7987344065229629,0.7987344065229629,4862.121428571429,True,20.41670786556475,102.08353932782376,105.4295684113866,116.80000000000001,0.0,3.1276106039944898,0.99480140625,82.1875,1183,200000,4
ga,slack,ga+slack,32,0.85,0,128,27.199775,0.6995368319985573,0.23363946900099108,True,985,173,0.0,0.5491329479768786,0.08203799654576857,1.0,0.4793134842835543,0.4793134842835543,0.4793134842835543,10406.242424242424,True,24.080024697887968,120.40012348943985,120.60018365472912,116.80000000000001,0.96907,3.7000038590450006,0.9982203125,90.3125,1279,200000,4
ga,slack,ga+slack,32,0.85,1,128,27.200135,0.7155467650009086,0.2053072640010214,True,961,173,0.0,0.5491329479768786,0.0837742504409171,1.0,0.4529861212784145,0.4529861212784145,0.4529861212784145,11153.397849462366,True,23.935999142699696,119.67999571349849,120.12966023875116,116.80000000000001,0.953565,3.6774998660468303,0.9959312499999999,90.0,1246,200000,4
ga,slack,ga+slack,32,0.85,2,128,27.19998,0.7165649369999301,0.25662906899924565,True,872,218,0.0,0.7201834862385321,0.14403669724770643,1.0,0.2869194498912405,0.2869194498912405,0.2869194498912405,20608.18888888889,True,24.038267419283752,120.19133709641876,120.36473829201103,116.80000000000001,0.99074,3.6934792842630864,0.99834859375,90.0,1203,200000,4
ga,slack,ga+slack,32,0.85,3,128,27.19976,0.6982096619994991,0.2251582379994943,True,1024,159,0.0,0.5408805031446541,0.07269653423499578,1.0,0.476289237529138,0.476289237529138,0.476289237529138,10486.279569892473,True,23.892768271074406,119.46384135537204,119.65950413223142,116.80000000000001,0.96472,3.670745042355371,0.9980753124999999,90.0,1299,200000,4
ga,slack,ga+slack,32,0.85,4,128,27.200045,0.7182977399988886,0.18106575199999497,True,830,170,0.0,0.4647058823529412,0.079,1.0,0.5512233967351597,0.5512233967351597,0.5512233967351597,7148.019801980198,True,24.330485389164398,121.652426945822,121.88466483011939,116.80000000000001,0.986405,3.7391383420569295,0.99812953125,90.625,1121,200000,4
ga,slack,ga+slack,32,0.85,5,128,27.199915,1.3405177980002918,0.24579866700150887,True,922,161,0.0,0.484472049689441,0.07202216066481995,1.0,0.5270095206867192,0.5270095206867192,0.5270095206867192,7722.063829787234,True,23.93636929292932,119.68184646464661,119.77704315886136,116.80000000000001,0.98359,3.6775577020202035,0.99919421875,90.0,1198,200000,4
ga,slack,ga+slack,32,0.85,6,128,27.19974,0.9307068699999945,0.20931208600086393,True,900,165,0.0,0.5818181818181818,0.09014084507042254,1.0,0.4663286724445212,0.4663286724445212,0.4663286724445212,11464.148936170213,True,24.061996072727247,120.30998036363624,120.48264462809918,116.80000000000001,0.987165,3.69718688636364,0.99840546875,90.3125,1182,200000,4
ga,slack,ga+slack,32,0.85,7,128,27.199855,1.8112168520001433,0.36160864399971615,True,894,176,0.0,0.6022727272727273,0.09906542056074766,1.0,0.42259662515130964,0.42259662515130964,0.42259662515130964,13450.387755102041,True,23.907159444628103,119.53579722314052,119.65950413223142,116.80000000000001,0.97732,3.6729936632231404,0.9987831250000001,90.0,1190,200000,4
ga,slack,ga+slack,32,0.95,0,128,30.40008,1.8094801689985616,0.3251262220001081,True,1050,141,0.0,0.3475177304964539,0.04114189756507137,1.0,0.6562397513328709,0.6562397513328709,0.6562397513328709,5245.686868686868,True,29.163323999999996,145.81662,146.0,116.80000000000001,1.0,4.494269374999993,0.99856734375,100.0,1312,200000,4
ga,slack,ga+slack,32,0.95,1,128,30.400005,1.8000927579996642,0.3659882900010416,True,988,181,0.0,0.6132596685082873,0.0949529512403764,1.0,0.4117722638697777,0.4117722638697777,0.4117722638697777,12093.78021978022,True,29.140019999999996,145.7001,146.0,116.80000000000001,1.0,4.490628124999989,0.9976570312499999,100.0,1278,200000,4
ga,slack,ga+slack,32,0.95,2,128,30.400075,0.6996618249995663,0.22311273400009668,True,895,197,0.0,0.5634517766497462,0.10164835164835165,1.0,0.4577597106236102,0.4577597106236102,0.4577597106236102,7633.292929292929,True,29.18646000000001,145.93230000000005,146.0,116.80000000000001,1.0,4.497884374999987,0.99947109375,100.0,1213,200000,4
ga,slack,ga+slack,32,0.95,3,128,30.400095,0.6833043070000713,0.21818345700012287,True,1024,159,0.0,0.5345911949685535,0.07185122569737955,1.0,0.48507286989691434,0.48507286989691434,0.48507286989691434,11059.41935483871,True,29.15796,145.7898,146.0,116.80000000000001,1.0,4.493431249999991,0.9983578124999999,100.0,1298,200000,4
ga,slack,ga+slack,32,0.95,4,128,30.399855,1.771498807000171,0.291792328000156,True,847,158,0.0,0.4620253164556962,0.07263681592039802,1.0,0.5620683830296815,0.5620683830296815,0.5620683830296815,7050.183673469388,True,29.172532000000043,145.86266000000023,146.0,116.80000000000001,1.0,4.495708124999993,0.99892703125,100.0,1122,200000,4
ga,slack,ga+slack,32,0.95,5,128,30.399815,1.8089721119995374,0.27972793499975523,True,921,145,0.0,0.46206896551724136,0.06285178236397748,1.0,0.564229403594493,0.564229403594493,0.564229403594493,6683.471264367816,True,29.152036000000027,145.76018000000016,146.0,116.80000000000001,1.0,4.492505624999996,0.99812640625,100.0,1173,200000,4
ga,slack,ga+slack,32,0.95,6,128,30.3998,0.7342563660004089,0.21272537999902852,True,921,176,0.0,0.5738636363636364,0.09206927985414767,1.0,0.4409783894632662,0.4409783894632662,0.4409783894632662,11420.852631578948,True,29.170692000000017,145.8534600000001,146.0,116.80000000000001,1.0,4.495420624999993,0.99885515625,100.0,1213,200000,4
ga,slack,ga+slack,32,0.95,7,128,30.40008,0.7062720370013267,0.21493672099859396,True,894,176,0.0,0.6306818181818182,0.10373831775700934,1.0,0.38914332470493956,0.38914332470493956,0.38914332470493956,13743.315217391304,True,29.007763900826497,145.0388195041325,145.17685950413224,116.80000000000001,1.0,4.4699631095041275,0.9989215625,99.6875,1184,200000,4
ga,slack,ga+slack,32,1.0,0,128,31.99985,0.6981180229995516,0.2768904629992903,False,936,165,0.016025641025641024,1.0,0.16348773841961853,1.0,0.0,0.0,0.0,0.0,False,29.200000000000024,146.00000000000014,146.0,116.80000000000001,1.0,4.499999999999994,1.0,100.0,1116,200000,4
ga,slack,ga+slack,32,1.0,1,128,31.999985,0.9768762879994028,0.3268318949994864,False,977,182,0.03582395087001024,0.9945054945054945,0.18636755823986195,1.0,0.005494505494505495,0.005494505494505495,0.005494505494505495,1056.0,False,29.200000000000042,146.00000000000023,146.0,116.80000000000001,1.0,4.49999999999999,1.0,100.0,1153,200000,4
ga,slack,ga+slack,32,1.0,2,128,32.00023,0.7053308310005377,0.2383375450008316,False,813,189,0.02952029520295203,0.9947089947089947,0.21157684630738524,1.0,0.005291005291005291,0.005291005291005291,0.005291005291005291,43246.5,False,29.199999999999985,145.99999999999994,146.0,116.80000000000001,1.0,4.499999999999995,1.0,100.0,1012,200000,4
ga,slack,ga+slack,32,1.0,3,128,31.999935,0.9751253230006114,0.24949200700029905,False,925,180,0.036756756756756756,0.9944444444444445,0.19276018099547512,1.0,0.005555555555555556,0.005555555555555556,0.005555555555555556,1046.0,False,29.200000000000017,146.00000000000009,146.0,116.80000000000001,1.0,4.500000000000001,1.0,100.0,1092,200000,4
ga,slack,ga+slack,32,1.0,4,128,31.99995,0.7070825889986736,0.24087621699982265,False,847,158,0.04014167650531287,0.9936708860759493,0.1900497512437811,1.0,0.006329113924050633,0.006329113924050633,0.006329113924050633,49036.0,False,29.199999999999992,145.99999999999997,146.0,116.80000000000001,1.0,4.499999999999993,1.0,100.0,1010,200000,4
ga,slack,ga+slack,32,1.0,5,128,31.99998,0.7084137170004396,0.23806294200039702,False,921,145,0.029315960912052116,1.0,0.16135084427767354,1.0,0.0,0.0,0.0,0.0,False,29.199999999999996,146.0,146.0,116.80000000000001,1.0,4.499999999999991,1.0,100.0,1068,200000,4
ga,slack,ga+slack,32,1.0,6,128,32.00015,0.7797658540002885,0.23713960599889106,False,921,176,0.026058631921824105,0.9943181818181818,0.1814038286235187,1.0,0.005681818181818182,0.005681818181818182,0.005681818181818182,1500.0,False,29.200000000000003,146.00000000000003,146.0,116.80000000000001,1.0,4.499999999999989,1.0,100.0,1102,200000,4
ga,slack,ga+slack,32,1.0,7,128,32.0,0.7139637759992183,0.219624596000358,False,865,183,0.057803468208092484,1.0,0.22232824427480916,1.0,0.0,0.0,0.0,0.0,False,29.200000000000024,146.00000000000014,146.0,116.80000000000001,1.0,4.499999999999988,1.0,100.0,1047,200000,4
